SEG NUM, PARENT, CHILDREN, STATUS, START X, START Y, START X, END X, END Y, END Z, LENGTH, ENERGY, VELOCITY, DIST FROM ROOT, FARTHEST DIST FROM ROOT, 
0, NO PARENT, sec: 1 pr: 2 , PRIMARY, 0, 100, 0, 0, 83.7682, 0, 16.2318, 1.62318e+06, 136.305, 16.2318, 68.1524, 
1, 0, pr: 3 sec: 4 , SECONDARY, 0, 83.7682, 0, -6.55895, 70.7468, 4.78817, 15.3461, 1.53461e+06, 116.47, 30.3594, 59.3787, 
2, 0, pr: 131 sec: 132 , PRIMARY, 0, 83.7682, 0, -5.64735, 71.4109, 14.488, 19.862, 1.66029e+06, 136.305, 32.5443, 68.1524, 
3, 1, sec: 5 pr: 6 , PRIMARY, -6.55895, 70.7468, 4.78817, -10.8191, 68.0044, 10.2165, 7.42542, 742542, 116.47, 35.2867, 59.3787, 
4, 1, sec: 96 pr: 97 , SECONDARY, -6.55895, 70.7468, 4.78817, -7.20407, 67.066, 11.972, 8.09769, 776718, 117.759, 35.7754, 57.018, 
5, 3, sec: 7 pr: 8 , SECONDARY, -10.8191, 68.0044, 10.2165, -12.214, 68.3589, 13.8491, 3.90731, 390732, 56.016, 36.6352, 44.3148, 
6, 3, sec: 34 pr: 35 , PRIMARY, -10.8191, 68.0044, 10.2165, -16.2756, 65.2547, 14.136, 7.2592, 818834, 116.47, 40.8895, 59.3787, 
7, 5, pr: 9 , SECONDARY, -12.214, 68.3589, 13.8491, -14.6912, 70.7056, 17.3894, 4.91707, 491707, 58.8924, 37.0996, 40.2566, 
8, 5, sec: 14 pr: 15 , PRIMARY, -12.214, 68.3589, 13.8491, -15.2891, 68.2033, 13.6762, 3.08386, 323863, 56.016, 37.8395, 44.3148, 
9, 7, pr: 10 , PRIMARY, -14.6912, 70.7056, 17.3894, -16.4611, 70.2691, 16.0561, 2.25856, 221833, 58.8924, 37.5858, 40.2566, 
10, 9, pr: 11 , PRIMARY, -16.4611, 70.2691, 16.0561, -18.2575, 69.9296, 12.2167, 4.25242, 425242, 58.8924, 37.24, 40.2566, 
11, 10, pr: 12 , PRIMARY, -18.2575, 69.9296, 12.2167, -18.6288, 68.7627, 11.1532, 1.62197, 162197, 58.8924, 38.042, 40.2566, 
12, 11, pr: 13 , PRIMARY, -18.6288, 68.7627, 11.1532, -18.4237, 66.7784, 10.4829, 2.10441, 208213, 58.8924, 39.4081, 40.2566, 
13, 12, NO CHILDREN, PRIMARY, -18.4237, 66.7784, 10.4829, -18.9707, 66.018, 10.292, 0.955998, 95599.1, 58.8924, 40.2566, 40.2566, 
14, 8, pr: 16 , SECONDARY, -15.2891, 68.2033, 13.6762, -18.6642, 70.4058, 13.1418, 4.06554, 406554, 69.5193, 37.3748, 41.3455, 
15, 8, sec: 20 pr: 21 , PRIMARY, -15.2891, 68.2033, 13.6762, -16.6918, 67.0877, 12.7136, 2.03435, 213954, 56.016, 39.0316, 44.3148, 
16, 14, pr: 17 , PRIMARY, -18.6642, 70.4058, 13.1418, -21.3047, 70.1149, 12.7301, 2.68818, 268819, 69.5193, 38.8467, 41.3455, 
17, 16, pr: 18 , PRIMARY, -21.3047, 70.1149, 12.7301, -22.165, 68.9499, 12.9495, 1.46473, 146291, 69.5193, 40.2875, 41.3455, 
18, 17, pr: 19 , PRIMARY, -22.165, 68.9499, 12.9495, -22.8295, 68.5687, 13.0258, 0.769825, 76982.5, 69.5193, 40.9729, 41.3455, 
19, 18, NO CHILDREN, PRIMARY, -22.8295, 68.5687, 13.0258, -23.1114, 68.2192, 12.8567, 0.479842, 47984.3, 69.5193, 41.3455, 41.3455, 
20, 15, pr: 22 , SECONDARY, -16.6918, 67.0877, 12.7136, -17.5964, 66.0551, 12.7917, 1.37506, 137506, 41.136, 40.3177, 42.8224, 
21, 15, pr: 25 sec: 26 , PRIMARY, -16.6918, 67.0877, 12.7136, -17.3202, 65.8014, 14.0896, 1.98564, 191634, 56.016, 40.8417, 44.3148, 
22, 20, pr: 23 , PRIMARY, -17.5964, 66.0551, 12.7917, -17.7719, 64.4344, 12.4605, 1.66347, 166348, 41.136, 41.6655, 42.8224, 
23, 22, pr: 24 , PRIMARY, -17.7719, 64.4344, 12.4605, -17.6425, 63.4748, 12.7308, 1.00527, 100526, 41.136, 42.5137, 42.8224, 
24, 23, NO CHILDREN, PRIMARY, -17.6425, 63.4748, 12.7308, -17.2443, 62.9368, 12.756, 0.669821, 66981.9, 41.136, 42.8224, 42.8224, 
25, 21, sec: 27 pr: 28 , PRIMARY, -17.3202, 65.8014, 14.0896, -16.8051, 64.8505, 15.3366, 1.65068, 165068, 56.016, 41.8701, 44.3148, 
26, 21, pr: 32 , SECONDARY, -17.3202, 65.8014, 14.0896, -16.9863, 65.5637, 14.36, 0.491122, 43005.6, 48.2355, 40.9952, 43.4947, 
27, 25, pr: 29 , SECONDARY, -16.8051, 64.8505, 15.3366, -16.0238, 63.8891, 15.6717, 1.28336, 128336, 38.7942, 42.5013, 42.9111, 
28, 25, sec: 30 pr: 31 , PRIMARY, -16.8051, 64.8505, 15.3366, -17.3256, 63.5891, 16.2594, 1.6473, 148640, 56.016, 43.4775, 44.3148, 
29, 27, NO CHILDREN, PRIMARY, -16.0238, 63.8891, 15.6717, -16.0002, 63.5892, 16.1122, 0.533435, 67195.9, 38.7942, 42.9111, 42.9111, 
30, 28, NO CHILDREN, SECONDARY, -17.3256, 63.5891, 16.2594, -17.6202, 63.4168, 16.7159, 0.570003, 57000.1, 38.1339, 43.9116, 43.9116, 
31, 28, NO CHILDREN, PRIMARY, -17.3256, 63.5891, 16.2594, -17.1162, 63.0614, 17.5036, 1.36769, 128914, 56.016, 44.3148, 44.3148, 
32, 26, pr: 33 , PRIMARY, -16.9863, 65.5637, 14.36, -16.6049, 63.6506, 15.7509, 2.39579, 239579, 48.2355, 42.9546, 43.4947, 
33, 32, NO CHILDREN, PRIMARY, -16.6049, 63.6506, 15.7509, -15.9467, 63.0744, 16.5528, 1.18667, 104522, 48.2355, 43.4947, 43.4947, 
34, 6, pr: 36 sec: 37 , SECONDARY, -16.2756, 65.2547, 14.136, -17.34, 61.8747, 17.6576, 4.99598, 499598, 88.9693, 45.4534, 54.5809, 
35, 6, sec: 56 pr: 57 , PRIMARY, -16.2756, 65.2547, 14.136, -20.0678, 61.8355, 17.7224, 6.23968, 522523, 116.47, 46.6189, 59.3787, 
36, 34, sec: 38 pr: 39 , PRIMARY, -17.34, 61.8747, 17.6576, -16.4248, 60.6188, 19.2321, 2.21219, 221219, 88.9693, 46.8031, 54.5809, 
37, 34, pr: 52 , SECONDARY, -17.34, 61.8747, 17.6576, -12.0368, 59.7942, 20.2348, 6.25248, 589865, 103.821, 46.5923, 50.991, 
38, 36, pr: 40 , SECONDARY, -16.4248, 60.6188, 19.2321, -16.6452, 60.0544, 21.9433, 2.77808, 277809, 62.1198, 48.5203, 51.1728, 
39, 36, pr: 43 sec: 44 , PRIMARY, -16.4248, 60.6188, 19.2321, -17.7136, 57.1199, 22.2119, 4.77312, 413507, 88.9693, 51.4378, 54.5809, 
40, 38, pr: 41 , PRIMARY, -16.6452, 60.0544, 21.9433, -16.2408, 60.3718, 23.7747, 1.90219, 190219, 62.1198, 48.9836, 51.1728, 
41, 40, pr: 42 , PRIMARY, -16.2408, 60.3718, 23.7747, -15.942, 59.7225, 25.0786, 1.48696, 139433, 62.1198, 50.0536, 51.1728, 
42, 41, NO CHILDREN, PRIMARY, -15.942, 59.7225, 25.0786, -16.8409, 59.1854, 25.8691, 1.31202, 127480, 62.1198, 51.1728, 51.1728, 
43, 39, sec: 45 pr: 46 , PRIMARY, -17.7136, 57.1199, 22.2119, -19.4381, 56.1548, 23.0486, 2.14598, 214597, 88.9693, 53.2116, 54.5809, 
44, 39, pr: 50 , SECONDARY, -17.7136, 57.1199, 22.2119, -18.0097, 56.6041, 22.0337, 0.620808, 89987.2, 44.8663, 51.8945, 52.8587, 
45, 43, pr: 47 , SECONDARY, -19.4381, 56.1548, 23.0486, -20.6448, 56.2719, 23.6331, 1.34593, 134593, 113.579, 53.8227, 54.2247, 
46, 43, pr: 48 sec: 49 , PRIMARY, -19.4381, 56.1548, 23.0486, -20.532, 55.8229, 23.6722, 1.30216, 139848, 88.9693, 54.1623, 54.5809, 
47, 45, NO CHILDREN, PRIMARY, -20.6448, 56.2719, 23.6331, -21.3021, 56.619, 24.5891, 1.21099, 121099, 113.579, 54.2247, 54.2247, 
48, 46, NO CHILDREN, PRIMARY, -20.532, 55.8229, 23.6722, -21.8704, 56.1055, 23.9589, 1.3977, 139770, 88.9693, 54.5809, 54.5809, 
49, 46, NO CHILDREN, SECONDARY, -20.532, 55.8229, 23.6722, -21.969, 56.1591, 23.3579, 1.50899, 152330, 320.71, 54.3163, 54.3163, 
50, 44, pr: 51 , PRIMARY, -18.0097, 56.6041, 22.0337, -18.5498, 55.3981, 20.8017, 1.80661, 180661, 44.8663, 52.5941, 52.8587, 
51, 50, NO CHILDREN, PRIMARY, -18.5498, 55.3981, 20.8017, -17.8303, 54.1351, 19.301, 2.08927, 166429, 44.8663, 52.8587, 52.8587, 
52, 37, pr: 53 , PRIMARY, -12.0368, 59.7942, 20.2348, -10.3563, 57.7822, 19.1149, 2.85074, 283397, 103.821, 47.4865, 50.991, 
53, 52, pr: 54 , PRIMARY, -10.3563, 57.7822, 19.1149, -11.1909, 56.2629, 18.0812, 2.01822, 187956, 103.821, 48.6323, 50.991, 
54, 53, pr: 55 , PRIMARY, -11.1909, 56.2629, 18.0812, -11.6564, 54.6224, 18.1201, 1.70575, 170575, 103.821, 50.2329, 50.991, 
55, 54, NO CHILDREN, PRIMARY, -11.6564, 54.6224, 18.1201, -11.493, 53.5799, 17.6965, 1.13705, 113705, 103.821, 50.991, 50.991, 
56, 35, sec: 58 pr: 59 , SECONDARY, -20.0678, 61.8355, 17.7224, -20.5013, 60.3444, 18.5597, 1.76425, 176425, 72.7685, 48.346, 54.5538, 
57, 35, pr: 72 sec: 73 , PRIMARY, -20.0678, 61.8355, 17.7224, -19.9547, 58.2754, 20.5348, 4.5384, 368133, 116.47, 50.6045, 59.3787, 
58, 56, pr: 60 , SECONDARY, -20.5013, 60.3444, 18.5597, -20.8545, 58.9501, 20.9904, 2.82433, 282433, 68.1013, 50.6024, 53.5877, 
59, 56, pr: 63 sec: 64 , PRIMARY, -20.5013, 60.3444, 18.5597, -21.6949, 57.305, 21.8518, 4.63687, 353775, 72.7685, 52.6406, 54.5538, 
60, 58, pr: 61 , PRIMARY, -20.8545, 58.9501, 20.9904, -20.7913, 58.9925, 21.8943, 0.907122, 90939.4, 68.1013, 50.924, 53.5877, 
61, 60, pr: 62 , PRIMARY, -20.7913, 58.9925, 21.8943, -20.6703, 57.9385, 23.3353, 1.78945, 178945, 68.1013, 52.3543, 53.5877, 
62, 61, NO CHILDREN, PRIMARY, -20.6703, 57.9385, 23.3353, -19.6142, 56.7373, 24.8046, 2.17183, 182973, 68.1013, 53.5877, 53.5877, 
63, 59, pr: 65 sec: 66 , PRIMARY, -21.6949, 57.305, 21.8518, -21.4106, 57.0748, 22.9131, 1.12256, 112256, 72.7685, 53.1601, 54.5538, 
64, 59, pr: 70 , SECONDARY, -21.6949, 57.305, 21.8518, -20.039, 56.8583, 23.5237, 2.39512, 236695, 85.2628, 53.0673, 52.9138, 
65, 63, pr: 67 sec: 68 , PRIMARY, -21.4106, 57.0748, 22.9131, -20.8916, 56.4989, 23.5105, 0.978793, 97879.3, 72.7685, 53.6801, 54.5538, 
66, 63, pr: 69 , SECONDARY, -21.4106, 57.0748, 22.9131, -20.7218, 56.8189, 23.2188, 0.795886, 76699.8, 91.5211, 53.227, 54.184, 
67, 65, NO CHILDREN, PRIMARY, -20.8916, 56.4989, 23.5105, -21.0798, 55.8038, 24.051, 0.900414, 90041.8, 72.7685, 54.5538, 54.5538, 
68, 65, NO CHILDREN, SECONDARY, -20.8916, 56.4989, 23.5105, -20.8449, 55.9159, 23.9296, 0.719499, 81412.4, 59.9232, 54.3189, 54.3189, 
69, 66, NO CHILDREN, PRIMARY, -20.7218, 56.8189, 23.2188, -20.059, 55.9627, 24.3772, 1.58568, 134225, 91.5211, 54.184, 54.184, 
70, 64, pr: 71 , PRIMARY, -20.039, 56.8583, 23.5237, -19.9118, 56.9554, 23.9071, 0.415551, 41555.2, 85.2628, 53.1118, 52.9138, 
71, 70, NO CHILDREN, PRIMARY, -19.9118, 56.9554, 23.9071, -19.6379, 57.2295, 24.185, 0.476838, 47683.9, 85.2628, 52.9138, 52.9138, 
72, 57, pr: 74 sec: 75 , PRIMARY, -19.9547, 58.2754, 20.5348, -21.5277, 54.7434, 21.2064, 3.92433, 392433, 116.47, 54.4179, 59.3787, 
73, 57, pr: 87 sec: 88 , SECONDARY, -19.9547, 58.2754, 20.5348, -19.9416, 57.9733, 19.922, 0.683379, 80475.1, 55.3902, 50.6043, 54.0937, 
74, 72, sec: 76 pr: 77 , PRIMARY, -21.5277, 54.7434, 21.2064, -21.6852, 53.5255, 22.8192, 2.02714, 202714, 116.47, 56.1324, 59.3787, 
75, 72, pr: 82 sec: 83 , SECONDARY, -21.5277, 54.7434, 21.2064, -20.7195, 52.3731, 23.7571, 3.57467, 268804, 119.31, 57.1141, 58.6212, 
76, 74, sec: 78 pr: 79 , SECONDARY, -21.6852, 53.5255, 22.8192, -22.2388, 52.4139, 23.1154, 1.27666, 127666, 106.149, 57.3875, 59.0695, 
77, 74, sec: 80 pr: 81 , PRIMARY, -21.6852, 53.5255, 22.8192, -21.5354, 52.0709, 23.8257, 1.77518, 155387, 116.47, 57.6943, 59.3787, 
78, 76, NO CHILDREN, SECONDARY, -22.2388, 52.4139, 23.1154, -22.5209, 51.4002, 24.6681, 1.87567, 187567, 118.371, 58.9716, 58.9716, 
79, 76, NO CHILDREN, PRIMARY, -22.2388, 52.4139, 23.1154, -22.0353, 51.0329, 24.6146, 2.04841, 151670, 106.149, 59.0695, 59.0695, 
80, 77, NO CHILDREN, SECONDARY, -21.5354, 52.0709, 23.8257, -21.9178, 51.6017, 25.3063, 1.5996, 159960, 110.606, 58.849, 58.849, 
81, 77, NO CHILDREN, PRIMARY, -21.5354, 52.0709, 23.8257, -22.0738, 51.0007, 25.2517, 1.86248, 157964, 116.47, 59.3787, 59.3787, 
82, 75, sec: 84 pr: 85 , PRIMARY, -20.7195, 52.3731, 23.7571, -20.049, 52.0523, 25.2729, 1.68812, 168812, 119.31, 57.7898, 58.6212, 
83, 75, pr: 86 , SECONDARY, -20.7195, 52.3731, 23.7571, -19.5239, 51.9163, 24.4949, 1.47723, 144420, 119.649, 57.3866, 57.4207, 
84, 82, NO CHILDREN, SECONDARY, -20.049, 52.0523, 25.2729, -20.201, 51.8999, 26.2078, 0.95936, 95936, 137.673, 58.3828, 58.3828, 
85, 82, NO CHILDREN, PRIMARY, -20.049, 52.0523, 25.2729, -20.6206, 51.6179, 25.8922, 0.948166, 88490.3, 119.31, 58.6212, 58.6212, 
86, 83, NO CHILDREN, PRIMARY, -19.5239, 51.9163, 24.4949, -18.8204, 51.776, 24.847, 0.799101, 85688.8, 119.649, 57.4207, 57.4207, 
87, 73, pr: 89 sec: 90 , PRIMARY, -19.9416, 57.9733, 19.922, -20.0432, 56.7089, 19.2584, 1.43157, 143157, 55.3902, 51.4464, 54.0937, 
88, 73, pr: 94 , SECONDARY, -19.9416, 57.9733, 19.922, -19.0583, 56.9883, 19.6524, 1.35017, 162752, 43.4877, 50.9847, 52.3741, 
89, 87, sec: 91 pr: 92 , PRIMARY, -20.0432, 56.7089, 19.2584, -19.8017, 54.6954, 19.4706, 2.03898, 203898, 55.3902, 53.1386, 54.0937, 
90, 87, pr: 93 , SECONDARY, -20.0432, 56.7089, 19.2584, -20.3019, 55.5531, 18.7706, 1.28089, 139752, 33.9363, 52.3453, 52.6863, 
91, 89, NO CHILDREN, SECONDARY, -19.8017, 54.6954, 19.4706, -19.6358, 54.0507, 20.0836, 0.904947, 90494.7, 52.4818, 53.854, 53.854, 
92, 89, NO CHILDREN, PRIMARY, -19.8017, 54.6954, 19.4706, -19.5782, 53.8575, 20.3396, 1.22769, 89735, 55.3902, 54.0937, 54.0937, 
93, 90, NO CHILDREN, PRIMARY, -20.3019, 55.5531, 18.7706, -19.7478, 54.4261, 17.5754, 1.73375, 131900, 33.9363, 52.6863, 52.6863, 
94, 88, pr: 95 , PRIMARY, -19.0583, 56.9883, 19.6524, -18.8041, 55.1305, 18.89, 2.02425, 202425, 43.4877, 52.1891, 52.3741, 
95, 94, NO CHILDREN, PRIMARY, -18.8041, 55.1305, 18.89, -18.9353, 54.8268, 18.5443, 0.478514, 47851.3, 43.4877, 52.3741, 52.3741, 
96, 4, pr: 98 , SECONDARY, -7.20407, 67.066, 11.972, -5.25149, 67.5806, 21.9911, 10.2205, 1.02205e+06, 96.0271, 39.5247, 46.6266, 
97, 4, sec: 104 pr: 105 , PRIMARY, -7.20407, 67.066, 11.972, -1.27566, 63.957, 13.446, 6.85452, 705551, 117.759, 38.4905, 57.018, 
98, 96, pr: 99 , PRIMARY, -5.25149, 67.5806, 21.9911, -4.01018, 71.1092, 27.3346, 6.52263, 652263, 96.0271, 39.9742, 46.6266, 
99, 98, pr: 100 , PRIMARY, -4.01018, 71.1092, 27.3346, -3.86412, 71.0605, 30.048, 2.71779, 271780, 96.0271, 41.8964, 46.6266, 
100, 99, pr: 101 , PRIMARY, -3.86412, 71.0605, 30.048, -3.89299, 70.186, 31.4736, 1.67272, 143131, 96.0271, 43.5272, 46.6266, 
101, 100, pr: 102 , PRIMARY, -3.89299, 70.186, 31.4736, -3.76328, 68.525, 31.8247, 1.70268, 170268, 96.0271, 44.9183, 46.6266, 
102, 101, pr: 103 , PRIMARY, -3.76328, 68.525, 31.8247, -3.33849, 67.5646, 31.8354, 1.05018, 105018, 96.0271, 45.5708, 46.6266, 
103, 102, NO CHILDREN, PRIMARY, -3.33849, 67.5646, 31.8354, -3.39239, 66.3796, 32.1279, 1.22171, 122171, 96.0271, 46.6266, 46.6266, 
104, 97, pr: 106 , SECONDARY, -1.27566, 63.957, 13.446, 0.643645, 63.9752, 13.63, 1.92818, 192818, 42.7479, 38.5224, 43.3199, 
105, 97, pr: 111 sec: 112 , PRIMARY, -1.27566, 63.957, 13.446, 1.44288, 57.6969, 13.5762, 6.82614, 693290, 117.759, 44.4516, 57.018, 
106, 104, pr: 107 , PRIMARY, 0.643645, 63.9752, 13.63, 2.77229, 63.6212, 11.5472, 2.99906, 312285, 42.7479, 38.2681, 43.3199, 
107, 106, pr: 108 , PRIMARY, 2.77229, 63.6212, 11.5472, 4.36621, 60.8351, 8.28671, 4.5753, 387441, 42.7479, 40.2694, 43.3199, 
108, 107, pr: 109 , PRIMARY, 4.36621, 60.8351, 8.28671, 4.88738, 59.8057, 5.41935, 3.09079, 309079, 42.7479, 40.8514, 43.3199, 
109, 108, pr: 110 , PRIMARY, 4.88738, 59.8057, 5.41935, 5.33755, 58.4937, 4.69342, 1.56562, 156562, 42.7479, 42.1105, 43.3199, 
110, 109, NO CHILDREN, PRIMARY, 5.33755, 58.4937, 4.69342, 5.44861, 57.3021, 4.88, 1.2112, 121120, 42.7479, 43.3199, 43.3199, 
111, 105, sec: 113 pr: 114 , PRIMARY, 1.44288, 57.6969, 13.5762, -0.334852, 51.7094, 13.4047, 6.24818, 624817, 117.759, 50.1176, 57.018, 
112, 105, pr: 127 , SECONDARY, 1.44288, 57.6969, 13.5762, 2.00336, 54.063, 13.0339, 3.71665, 369407, 68.7135, 47.7923, 51.4082, 
113, 111, pr: 115 , SECONDARY, -0.334852, 51.7094, 13.4047, -1.0955, 49.7034, 14.662, 2.48666, 248666, 110.907, 52.4016, 56.4138, 
114, 111, pr: 118 sec: 119 , PRIMARY, -0.334852, 51.7094, 13.4047, 1.42245, 48.7238, 14.7129, 3.70321, 449524, 117.759, 53.3643, 57.018, 
115, 113, pr: 116 , PRIMARY, -1.0955, 49.7034, 14.662, -1.42404, 48.341, 14.6122, 1.40229, 140229, 110.907, 53.7047, 56.4138, 
116, 115, pr: 117 , PRIMARY, -1.42404, 48.341, 14.6122, -1.34507, 46.7117, 13.6115, 1.91372, 203065, 110.907, 55.0157, 56.4138, 
117, 116, NO CHILDREN, PRIMARY, -1.34507, 46.7117, 13.6115, -1.00262, 45.2706, 13.6453, 1.48168, 148169, 110.907, 56.4138, 56.4138, 
118, 114, sec: 120 pr: 121 , PRIMARY, 1.42245, 48.7238, 14.7129, 4.20039, 47.5544, 15.9746, 3.26744, 326744, 117.759, 54.9852, 57.018, 
119, 114, pr: 125 , SECONDARY, 1.42245, 48.7238, 14.7129, 2.56396, 48.8233, 13.2854, 1.83055, 187555, 103.649, 52.9351, 54.3205, 
120, 118, pr: 122 , SECONDARY, 4.20039, 47.5544, 15.9746, 5.39911, 46.7332, 15.5419, 1.5161, 151610, 159.778, 55.7499, 56.992, 
121, 118, pr: 123 sec: 124 , PRIMARY, 4.20039, 47.5544, 15.9746, 4.52157, 46.3075, 15.6793, 1.32106, 144782, 117.759, 56.1175, 57.018, 
122, 120, NO CHILDREN, PRIMARY, 5.39911, 46.7332, 15.5419, 6.03383, 45.5439, 15.6911, 1.35632, 135632, 159.778, 56.992, 56.992, 
123, 121, NO CHILDREN, PRIMARY, 4.52157, 46.3075, 15.6793, 5.15086, 45.4022, 15.6078, 1.10481, 110481, 117.759, 57.018, 57.018, 
124, 121, NO CHILDREN, SECONDARY, 4.52157, 46.3075, 15.6793, 4.91871, 45.4917, 14.5062, 1.48303, 142125, 193.934, 56.6196, 56.6196, 
125, 119, pr: 126 , PRIMARY, 2.56396, 48.8233, 13.2854, 2.91406, 48.0191, 12.2978, 1.32083, 107218, 103.649, 53.4952, 54.3205, 
126, 125, NO CHILDREN, PRIMARY, 2.91406, 48.0191, 12.2978, 1.4787, 46.9551, 11.6089, 1.91493, 179900, 103.649, 54.3205, 54.3205, 
127, 112, pr: 128 , PRIMARY, 2.00336, 54.063, 13.0339, 3.90622, 52.0879, 11.7995, 3.00763, 300763, 68.7135, 49.4981, 51.4082, 
128, 127, pr: 129 , PRIMARY, 3.90622, 52.0879, 11.7995, 5.70986, 51.8975, 10.3076, 2.34842, 234842, 68.7135, 49.5247, 51.4082, 
129, 128, pr: 130 , PRIMARY, 5.70986, 51.8975, 10.3076, 6.89323, 51.1913, 9.74315, 1.48922, 149043, 68.7135, 50.2468, 51.4082, 
130, 129, NO CHILDREN, PRIMARY, 6.89323, 51.1913, 9.74315, 7.02336, 49.7338, 8.17208, 2.14699, 162643, 68.7135, 51.4082, 51.4082, 
131, 2, pr: 133 sec: 134 , PRIMARY, -5.64735, 71.4109, 14.488, -6.86396, 61.3158, 18.2416, 10.8389, 1.08389e+06, 136.305, 43.3168, 68.1524, 
132, 2, pr: 294 sec: 295 , SECONDARY, -5.64735, 71.4109, 14.488, -2.92208, 64.9189, 19.518, 8.65292, 713972, 75.5205, 40.2514, 51.3273, 
133, 131, sec: 135 pr: 136 , PRIMARY, -6.86396, 61.3158, 18.2416, -2.97734, 55.8529, 23.3655, 8.43817, 843817, 136.305, 50.0378, 68.1524, 
134, 131, sec: 232 pr: 233 , SECONDARY, -6.86396, 61.3158, 18.2416, -7.21638, 57.5345, 21.9609, 5.31555, 496095, 133.254, 48.3495, 67.3136, 
135, 133, sec: 137 pr: 138 , SECONDARY, -2.97734, 55.8529, 23.3655, -3.06938, 53.423, 26.4733, 3.94603, 394603, 94.4975, 53.6626, 62.2751, 
136, 133, sec: 177 pr: 178 , PRIMARY, -2.97734, 55.8529, 23.3655, 0.869533, 51.2668, 28.5935, 7.9475, 679643, 136.305, 56.509, 68.1524, 
137, 135, sec: 139 pr: 140 , SECONDARY, -3.06938, 53.423, 26.4733, -3.19881, 53.1491, 30.2287, 3.76761, 376761, 67.6523, 55.8482, 58.2464, 
138, 135, sec: 153 pr: 154 , PRIMARY, -3.06938, 53.423, 26.4733, -1.67013, 52.269, 31.9481, 5.76737, 566251, 94.4975, 57.4606, 62.2751, 
139, 137, pr: 141 , SECONDARY, -3.19881, 53.1491, 30.2287, -1.93395, 53.9728, 32.6199, 2.82775, 282775, 111.709, 56.4473, 57.5795, 
140, 137, pr: 144 sec: 145 , PRIMARY, -3.19881, 53.1491, 30.2287, -1.25412, 53.6069, 30.7296, 2.05969, 206723, 67.6523, 55.6615, 58.2464, 
141, 139, pr: 142 , PRIMARY, -1.93395, 53.9728, 32.6199, -1.83826, 56.1197, 34.5786, 2.90773, 290773, 111.709, 55.8976, 57.5795, 
142, 141, pr: 143 , PRIMARY, -1.83826, 56.1197, 34.5786, -1.23113, 55.3557, 35.0818, 1.09796, 155292, 111.709, 56.7922, 57.5795, 
143, 142, NO CHILDREN, PRIMARY, -1.23113, 55.3557, 35.0818, -0.991204, 54.3666, 35.1, 1.018, 101800, 111.709, 57.5795, 57.5795, 
144, 140, sec: 146 pr: 147 , PRIMARY, -1.25412, 53.6069, 30.7296, 0.449856, 53.279, 32.4178, 2.42095, 242095, 67.6523, 56.868, 58.2464, 
145, 140, pr: 151 , SECONDARY, -1.25412, 53.6069, 30.7296, 0.452705, 53.6296, 30.4818, 1.72487, 193452, 50.0174, 55.4938, 55.68, 
146, 144, pr: 148 , SECONDARY, 0.449856, 53.279, 32.4178, 0.827784, 53.3754, 34.0087, 1.63801, 163801, 86.9952, 57.7159, 57.8504, 
147, 144, pr: 149 sec: 150 , PRIMARY, 0.449856, 53.279, 32.4178, 1.25446, 52.7639, 32.8508, 1.04891, 111375, 67.6523, 57.55, 58.2464, 
148, 146, NO CHILDREN, PRIMARY, 0.827784, 53.3754, 34.0087, 1.29446, 53.6537, 34.5979, 0.801511, 80151.4, 86.9952, 57.8504, 57.8504, 
149, 147, NO CHILDREN, PRIMARY, 1.25446, 52.7639, 32.8508, 1.71538, 52.5769, 33.7749, 1.04948, 104948, 67.6523, 58.2464, 58.2464, 
150, 147, NO CHILDREN, SECONDARY, 1.25446, 52.7639, 32.8508, 2.00186, 52.583, 33.1304, 0.818228, 81572.5, 79.4866, 57.8792, 57.8792, 
151, 145, pr: 152 , PRIMARY, 0.452705, 53.6296, 30.4818, 1.63038, 53.7141, 30.6174, 1.18846, 118729, 50.0174, 55.52, 55.68, 
152, 151, NO CHILDREN, PRIMARY, 1.63038, 53.7141, 30.6174, 2.08306, 53.6742, 30.8194, 0.497326, 50243.3, 50.0174, 55.68, 55.68, 
153, 138, pr: 155 sec: 156 , SECONDARY, -1.67013, 52.269, 31.9481, -1.08059, 53.7377, 35.2475, 3.6594, 365940, 69.9066, 58.17, 58.0723, 
154, 138, pr: 164 sec: 165 , PRIMARY, -1.67013, 52.269, 31.9481, -2.27115, 52.3503, 32.8489, 1.08599, 141560, 94.4975, 57.9198, 62.2751, 
155, 153, pr: 157 sec: 158 , PRIMARY, -1.08059, 53.7377, 35.2475, -0.430339, 55.1237, 35.9782, 1.69639, 169639, 69.9066, 57.5196, 58.0723, 
156, 153, pr: 162 , SECONDARY, -1.08059, 53.7377, 35.2475, 0.0168253, 54.0361, 34.8396, 1.20818, 149575, -524.711, 57.6757, 57.2015, 
157, 155, sec: 159 pr: 160 , PRIMARY, -0.430339, 55.1237, 35.9782, -0.0547786, 55.3373, 36.377, 0.587945, 58794.7, 69.9066, 57.6025, 58.0723, 
158, 155, pr: 161 , SECONDARY, -0.430339, 55.1237, 35.9782, 0.991486, 55.3225, 36.1473, 1.44557, 203374, 189.041, 57.4778, 57.5267, 
159, 157, NO CHILDREN, SECONDARY, -0.0547786, 55.3373, 36.377, 0.188608, 55.3073, 36.4755, 0.264246, 26424.7, 39.3262, 57.6882, 57.6882, 
160, 157, NO CHILDREN, PRIMARY, -0.0547786, 55.3373, 36.377, 0.30039, 54.9177, 36.6044, 0.594872, 69635.9, 69.9066, 58.0723, 58.0723, 
161, 158, NO CHILDREN, PRIMARY, 0.991486, 55.3225, 36.1473, 1.56071, 55.6822, 36.6445, 0.83704, 83704, 189.041, 57.5267, 57.5267, 
162, 156, pr: 163 , PRIMARY, 0.0168253, 54.0361, 34.8396, 0.432429, 54.1621, 34.3044, 0.689237, 68923.6, -524.711, 57.2546, 57.2015, 
163, 162, NO CHILDREN, PRIMARY, 0.432429, 54.1621, 34.3044, 0.955327, 53.9258, 33.8861, 0.710105, 71010.4, -524.711, 57.2015, 57.2015, 
164, 154, sec: 166 pr: 167 , PRIMARY, -2.27115, 52.3503, 32.8489, -2.69265, 51.1114, 35.5352, 2.98809, 298809, 94.4975, 60.4987, 62.2751, 
165, 154, pr: 172 sec: 173 , SECONDARY, -2.27115, 52.3503, 32.8489, -2.24779, 51.2313, 34.1478, 1.71461, 132190, 89.0184, 59.5778, 61.9659, 
166, 164, pr: 168 sec: 169 , SECONDARY, -2.69265, 51.1114, 35.5352, -3.2613, 51.3781, 37.2612, 1.83675, 183675, 106.161, 61.3443, 61.5031, 
167, 164, pr: 170 sec: 171 , PRIMARY, -2.69265, 51.1114, 35.5352, -3.6534, 50.3038, 36.0116, 1.34248, 162719, 94.4975, 61.4809, 62.2751, 
168, 166, NO CHILDREN, PRIMARY, -3.2613, 51.3781, 37.2612, -4.94846, 52.0842, 38.2391, 2.07399, 207399, 106.161, 61.5031, 61.5031, 
169, 166, NO CHILDREN, SECONDARY, -3.2613, 51.3781, 37.2612, -4.91548, 51.8522, 37.3374, 1.72248, 184330, 1151.28, 61.1265, 61.1265, 
170, 167, NO CHILDREN, PRIMARY, -3.6534, 50.3038, 36.0116, -4.27265, 49.9979, 36.8744, 1.10517, 110518, 94.4975, 62.2751, 62.2751, 
171, 167, NO CHILDREN, SECONDARY, -3.6534, 50.3038, 36.0116, -4.90328, 49.9424, 36.5944, 1.42566, 146713, 169.633, 62.201, 62.201, 
172, 165, pr: 174 sec: 175 , PRIMARY, -2.24779, 51.2313, 34.1478, -1.35056, 50.2079, 34.8153, 1.5159, 151590, 89.0184, 60.7716, 61.9659, 
173, 165, pr: 176 , SECONDARY, -2.24779, 51.2313, 34.1478, -1.08664, 50.9121, 33.8664, 1.23666, 143488, 71.5873, 59.6468, 60.3306, 
174, 172, NO CHILDREN, PRIMARY, -1.35056, 50.2079, 34.8153, -1.49762, 49.0368, 35.2177, 1.24697, 124697, 89.0184, 61.9659, 61.9659, 
175, 172, NO CHILDREN, SECONDARY, -1.35056, 50.2079, 34.8153, -1.91773, 49.7891, 34.7327, 0.709854, 82416.2, 52.9068, 61.0834, 61.0834, 
176, 173, NO CHILDREN, PRIMARY, -1.08664, 50.9121, 33.8664, -0.263433, 50.2178, 34.0801, 1.09787, 109788, 71.5873, 60.3306, 60.3306, 
177, 136, sec: 179 pr: 180 , SECONDARY, 0.869533, 51.2668, 28.5935, 0.573817, 47.3755, 31.3184, 4.75972, 475972, 135.778, 61.2414, 68.0801, 
178, 136, pr: 203 sec: 204 , PRIMARY, 0.869533, 51.2668, 28.5935, 3.70903, 49.1135, 29.7622, 3.75039, 434542, 136.305, 59.0676, 68.1524, 
179, 177, sec: 181 pr: 182 , SECONDARY, 0.573817, 47.3755, 31.3184, 0.565718, 42.9242, 31.621, 4.46159, 446159, 141.631, 65.2523, 67.9241, 
180, 177, pr: 190 sec: 191 , PRIMARY, 0.573817, 47.3755, 31.3184, 1.39028, 44.0032, 30.1586, 3.65842, 383401, 135.778, 63.617, 68.0801, 
181, 179, pr: 183 , SECONDARY, 0.565718, 42.9242, 31.621, 1.87522, 41.3261, 30.919, 2.18208, 218208, 185.35, 66.3485, 67.6631, 
182, 179, pr: 185 sec: 186 , PRIMARY, 0.565718, 42.9242, 31.621, 0.764112, 41.6212, 31.1415, 1.4025, 145388, 141.631, 66.1699, 67.9241, 
183, 181, pr: 184 , PRIMARY, 1.87522, 41.3261, 30.919, 1.62205, 38.9327, 28.2531, 3.59156, 267993, 185.35, 67.3059, 67.6631, 
184, 183, NO CHILDREN, PRIMARY, 1.62205, 38.9327, 28.2531, 0.612451, 37.9589, 26.9967, 1.88309, 188309, 185.35, 67.6631, 67.6631, 
185, 182, pr: 187 sec: 188 , PRIMARY, 0.764112, 41.6212, 31.1415, 1.47569, 40.4117, 31.4168, 1.43011, 143011, 141.631, 67.3792, 67.9241, 
186, 182, pr: 189 , SECONDARY, 0.764112, 41.6212, 31.1415, 1.93407, 40.9155, 29.7109, 1.97819, 223976, 224.853, 66.1624, 66.9692, 
187, 185, NO CHILDREN, PRIMARY, 1.47569, 40.4117, 31.4168, 2.40825, 39.9965, 31.7406, 1.07094, 107094, 141.631, 67.9241, 67.9241, 
188, 185, NO CHILDREN, SECONDARY, 1.47569, 40.4117, 31.4168, 2.58819, 40.726, 30.2981, 1.60872, 157899, 418.14, 66.6189, 66.6189, 
189, 186, NO CHILDREN, PRIMARY, 1.93407, 40.9155, 29.7109, 3.47148, 39.8951, 29.3296, 1.88419, 188419, 224.853, 66.9692, 66.9692, 
190, 180, pr: 192 sec: 193 , PRIMARY, 1.39028, 44.0032, 30.1586, 0.470357, 41.4749, 29.9908, 2.69569, 269569, 135.778, 65.7636, 68.0801, 
191, 180, sec: 198 pr: 199 , SECONDARY, 1.39028, 44.0032, 30.1586, 1.41412, 42.9706, 28.718, 1.77263, 168365, 75.7393, 63.8677, 64.5846, 
192, 190, pr: 194 sec: 195 , PRIMARY, 0.470357, 41.4749, 29.9908, 0.145808, 40.5094, 29.2549, 1.25653, 125653, 135.778, 66.2948, 68.0801, 
193, 190, pr: 196 sec: 197 , SECONDARY, 0.470357, 41.4749, 29.9908, 0.12901, 39.5798, 27.8216, 2.90055, 220332, 243.873, 66.5181, 67.7782, 
194, 192, NO CHILDREN, PRIMARY, 0.145808, 40.5094, 29.2549, 0.534747, 38.5064, 29.2087, 2.04095, 204095, 135.778, 68.0801, 68.0801, 
195, 192, NO CHILDREN, SECONDARY, 0.145808, 40.5094, 29.2549, -0.67268, 39.6507, 28.6534, 1.33013, 131357, 101.162, 66.8095, 66.8095, 
196, 193, NO CHILDREN, PRIMARY, 0.12901, 39.5798, 27.8216, -0.708542, 37.9706, 27.3082, 1.88531, 188531, 243.873, 67.7782, 67.7782, 
197, 193, NO CHILDREN, SECONDARY, 0.12901, 39.5798, 27.8216, -0.410382, 38.8167, 27.2131, 1.11517, 98955.7, 215.829, 66.9636, 66.9636, 
198, 191, pr: 200 , SECONDARY, 1.41412, 42.9706, 28.718, 1.2827, 43.1059, 27.7067, 1.02878, 102878, 119.834, 63.2949, 63.4005, 
199, 191, pr: 201 sec: 202 , PRIMARY, 1.41412, 42.9706, 28.718, 0.205655, 42.2067, 28.0406, 1.58201, 171258, 75.7393, 64.237, 64.5846, 
200, 198, NO CHILDREN, PRIMARY, 1.2827, 43.1059, 27.7067, 1.21421, 42.3313, 26.3148, 1.59441, 143449, 119.834, 63.4005, 63.4005, 
201, 199, NO CHILDREN, PRIMARY, 0.205655, 42.2067, 28.0406, 0.0229819, 41.6265, 27.6354, 0.73089, 73089, 75.7393, 64.5846, 64.5846, 
202, 199, NO CHILDREN, SECONDARY, 0.205655, 42.2067, 28.0406, -0.0448504, 41.9491, 27.8159, 0.423828, 37064.2, 92.3318, 64.3711, 64.3711, 
203, 178, sec: 205 pr: 206 , PRIMARY, 3.70903, 49.1135, 29.7622, 4.62468, 46.9808, 31.7124, 3.03152, 303152, 136.305, 61.9524, 68.1524, 
204, 178, sec: 219 pr: 220 , SECONDARY, 3.70903, 49.1135, 29.7622, 5.3666, 46.9559, 32.2367, 3.67777, 301629, 136.956, 62.3032, 67.7536, 
205, 203, sec: 207 pr: 208 , SECONDARY, 4.62468, 46.9808, 31.7124, 3.82539, 45.5655, 32.741, 1.9235, 192351, 129.087, 63.6374, 67.5856, 
206, 203, sec: 213 pr: 214 , PRIMARY, 4.62468, 46.9808, 31.7124, 4.99482, 44.505, 34.285, 3.58956, 280483, 136.305, 65.4225, 68.1524, 
207, 205, sec: 209 pr: 210 , SECONDARY, 3.82539, 45.5655, 32.741, 3.77891, 44.9176, 33.8291, 1.26722, 126722, 84.5977, 64.7515, 66.0717, 
208, 205, pr: 211 sec: 212 , PRIMARY, 3.82539, 45.5655, 32.741, 2.9186, 43.6035, 35.2955, 3.34619, 277444, 129.087, 66.5947, 67.5856, 
209, 207, NO CHILDREN, SECONDARY, 3.77891, 44.9176, 33.8291, 3.84989, 44.9919, 35.2088, 1.38345, 138345, 88.6491, 65.4245, 65.4245, 
210, 207, NO CHILDREN, PRIMARY, 3.77891, 44.9176, 33.8291, 2.81365, 44.247, 35.3434, 1.9169, 198339, 84.5977, 66.0717, 66.0717, 
211, 208, NO CHILDREN, PRIMARY, 2.9186, 43.6035, 35.2955, 3.29651, 42.8596, 35.9433, 1.05633, 105633, 129.087, 67.5856, 67.5856, 
212, 208, NO CHILDREN, SECONDARY, 2.9186, 43.6035, 35.2955, 2.83153, 43.2872, 35.626, 0.465649, 36368.6, 60.6623, 67.0341, 67.0341, 
213, 206, pr: 215 sec: 216 , SECONDARY, 4.99482, 44.505, 34.285, 4.86266, 43.5674, 34.3872, 0.952381, 95238.1, 65.049, 66.2629, 66.6133, 
214, 206, pr: 217 sec: 218 , PRIMARY, 4.99482, 44.505, 34.285, 4.04816, 43.1269, 34.1213, 1.67991, 173603, 136.305, 66.447, 68.1524, 
215, 213, NO CHILDREN, PRIMARY, 4.86266, 43.5674, 34.3872, 4.74267, 42.9694, 34.0932, 0.677044, 67704.2, 65.049, 66.6133, 66.6133, 
216, 213, NO CHILDREN, SECONDARY, 4.86266, 43.5674, 34.3872, 3.87628, 42.7081, 33.67, 1.49187, 131667, 276.958, 66.5661, 66.5661, 
217, 214, NO CHILDREN, PRIMARY, 4.04816, 43.1269, 34.1213, 3.78471, 41.3166, 34.4482, 1.85837, 185838, 136.305, 68.1524, 68.1524, 
218, 214, NO CHILDREN, SECONDARY, 4.04816, 43.1269, 34.1213, 3.11407, 42.1742, 34.2281, 1.3385, 135556, 106.98, 67.2688, 67.2688, 
219, 204, pr: 221 sec: 222 , SECONDARY, 5.3666, 46.9559, 32.2367, 7.46062, 46.0696, 33.0042, 2.39987, 239987, 77.1999, 63.6665, 64.3389, 
220, 204, sec: 226 pr: 227 , PRIMARY, 5.3666, 46.9559, 32.2367, 7.16361, 43.7848, 32.6695, 3.67045, 427782, 136.956, 65.4122, 67.7536, 
221, 219, pr: 223 sec: 224 , PRIMARY, 7.46062, 46.0696, 33.0042, 9.83252, 45.1192, 32.4314, 2.61865, 261865, 77.1999, 64.501, 64.3389, 
222, 219, pr: 225 , SECONDARY, 7.46062, 46.0696, 33.0042, 7.49621, 46.0149, 32.9186, 0.107633, 10324.4, -6.68281, 63.6727, 63.5069, 
223, 221, NO CHILDREN, PRIMARY, 9.83252, 45.1192, 32.4314, 10.764, 45.1568, 31.8725, 1.08697, 108697, 77.1999, 64.3389, 64.3389, 
224, 221, NO CHILDREN, SECONDARY, 9.83252, 45.1192, 32.4314, 9.91442, 45.087, 31.2924, 1.14245, 115236, -544.187, 63.9761, 63.9761, 
225, 222, NO CHILDREN, PRIMARY, 7.49621, 46.0149, 32.9186, 5.85475, 45.4071, 31.9133, 2.01855, 193290, -6.68281, 63.5069, 63.5069, 
226, 220, pr: 228 sec: 229 , SECONDARY, 7.16361, 43.7848, 32.6695, 7.20659, 43.2701, 32.904, 0.567229, 56722.9, 107.232, 65.9764, 67.2424, 
227, 220, sec: 230 pr: 231 , PRIMARY, 7.16361, 43.7848, 32.6695, 5.93588, 42.436, 33.5888, 2.0425, 183171, 136.956, 66.9108, 67.7536, 
228, 226, NO CHILDREN, PRIMARY, 7.20659, 43.2701, 32.904, 6.49743, 42.1817, 33.71, 1.52884, 152884, 107.232, 67.2424, 67.2424, 
229, 226, NO CHILDREN, SECONDARY, 7.20659, 43.2701, 32.904, 7.72773, 42.3891, 33.3763, 1.12739, 137840, 95.4915, 67.0277, 67.0277, 
230, 227, NO CHILDREN, SECONDARY, 5.93588, 42.436, 33.5888, 5.09051, 42.3732, 34.0669, 0.973185, 97318.5, 158.144, 67.1365, 67.1365, 
231, 227, NO CHILDREN, PRIMARY, 5.93588, 42.436, 33.5888, 5.29307, 41.843, 34.3555, 1.16301, 145183, 136.956, 67.7536, 67.7536, 
232, 134, sec: 234 pr: 235 , SECONDARY, -7.21638, 57.5345, 21.9609, -9.98893, 54.6505, 23.2954, 4.21726, 421726, 120.957, 51.9522, 64.949, 
233, 134, sec: 254 pr: 255 , PRIMARY, -7.21638, 57.5345, 21.9609, -7.43706, 53.9873, 25.488, 5.00714, 434434, 133.254, 53.1236, 67.3136, 
234, 232, pr: 236 , SECONDARY, -9.98893, 54.6505, 23.2954, -11.4388, 52.9145, 27.0107, 4.3497, 434970, 110.145, 55.475, 62.9604, 
235, 232, sec: 240 pr: 241 , PRIMARY, -9.98893, 54.6505, 23.2954, -7.30987, 51.9075, 27.6964, 5.83701, 518278, 120.957, 55.9769, 64.949, 
236, 234, pr: 237 , PRIMARY, -11.4388, 52.9145, 27.0107, -12.3619, 50.8149, 28.2733, 2.61805, 261805, 110.145, 58.0635, 62.9604, 
237, 236, pr: 238 , PRIMARY, -12.3619, 50.8149, 28.2733, -12.2515, 49.6146, 28.5964, 1.24791, 124791, 110.145, 59.216, 62.9604, 
238, 237, pr: 239 , PRIMARY, -12.2515, 49.6146, 28.5964, -12.5382, 47.7446, 30.5402, 2.71257, 198206, 110.145, 61.8105, 62.9604, 
239, 238, NO CHILDREN, PRIMARY, -12.5382, 47.7446, 30.5402, -12.335, 46.5623, 30.9236, 1.25937, 125937, 110.145, 62.9604, 62.9604, 
240, 235, pr: 242 , SECONDARY, -7.30987, 51.9075, 27.6964, -5.93014, 47.7712, 30.022, 4.94174, 494174, 115.383, 60.5338, 64.1507, 
241, 235, pr: 245 sec: 246 , PRIMARY, -7.30987, 51.9075, 27.6964, -8.25356, 48.4584, 30.2984, 4.42227, 373759, 120.957, 60.3543, 64.949, 
242, 240, pr: 243 , PRIMARY, -5.93014, 47.7712, 30.022, -4.85808, 46.8096, 31.0035, 1.74277, 158128, 115.383, 61.7579, 64.1507, 
243, 242, pr: 244 , PRIMARY, -4.85808, 46.8096, 31.0035, -3.98936, 46.5415, 33.7356, 2.87941, 287941, 115.383, 63.3389, 64.1507, 
244, 243, NO CHILDREN, PRIMARY, -3.98936, 46.5415, 33.7356, -3.49284, 45.9257, 34.3378, 0.99415, 99415.1, 115.383, 64.1507, 64.1507, 
245, 241, sec: 247 pr: 248 , PRIMARY, -8.25356, 48.4584, 30.2984, -9.89734, 47.318, 33.3656, 3.66204, 366204, 120.957, 63.1396, 64.949, 
246, 241, pr: 252 , SECONDARY, -8.25356, 48.4584, 30.2984, -8.29315, 47.2314, 32.1096, 2.18807, 194217, 110.255, 62.3243, 64.3244, 
247, 245, pr: 249 , SECONDARY, -9.89734, 47.318, 33.3656, -9.92061, 47.3672, 34.3859, 1.02178, 102178, 132.527, 63.6476, 64.6082, 
248, 245, sec: 250 pr: 251 , PRIMARY, -9.89734, 47.318, 33.3656, -11.1828, 47.0049, 34.7657, 1.92633, 195338, 120.957, 64.3598, 64.949, 
249, 247, NO CHILDREN, PRIMARY, -9.92061, 47.3672, 34.3859, -9.75852, 46.8883, 35.4702, 1.19645, 119646, 132.527, 64.6082, 64.6082, 
250, 248, NO CHILDREN, SECONDARY, -11.1828, 47.0049, 34.7657, -12.098, 47.1621, 34.9935, 0.956096, 95609.5, 196.293, 64.5194, 64.5194, 
251, 248, NO CHILDREN, PRIMARY, -11.1828, 47.0049, 34.7657, -12.6374, 46.5987, 34.7415, 1.51037, 152455, 120.957, 64.949, 64.949, 
252, 246, pr: 253 , PRIMARY, -8.29315, 47.2314, 32.1096, -8.93858, 46.23, 32.75, 1.35261, 141023, 110.255, 63.5899, 64.3244, 
253, 252, NO CHILDREN, PRIMARY, -8.93858, 46.23, 32.75, -9.51804, 45.9561, 33.5603, 1.03316, 103316, 110.255, 64.3244, 64.3244, 
254, 233, sec: 256 pr: 257 , SECONDARY, -7.43706, 53.9873, 25.488, -9.41396, 50.418, 26.884, 4.3124, 431240, 97.4244, 57.1817, 63.2439, 
255, 233, pr: 270 sec: 271 , PRIMARY, -7.43706, 53.9873, 25.488, -5.88707, 46.3247, 29.5556, 8.8127, 818940, 133.254, 61.5567, 67.3136, 
256, 254, pr: 258 , SECONDARY, -9.41396, 50.418, 26.884, -10.896, 48.337, 29.1831, 3.43702, 343702, 101.825, 60.3278, 63.2269, 
257, 254, sec: 261 pr: 262 , PRIMARY, -9.41396, 50.418, 26.884, -8.62797, 49.1109, 28.4066, 2.15515, 185178, 97.4244, 58.9158, 63.2439, 
258, 256, pr: 259 , PRIMARY, -10.896, 48.337, 29.1831, -12.0279, 47.162, 29.1857, 1.63159, 163160, 101.825, 61.5494, 63.2269, 
259, 258, pr: 260 , PRIMARY, -12.0279, 47.162, 29.1857, -12.3742, 46.3153, 28.7008, 1.03529, 103529, 101.825, 62.1201, 63.2269, 
260, 259, NO CHILDREN, PRIMARY, -12.3742, 46.3153, 28.7008, -12.7368, 45.2605, 28.9655, 1.14633, 114633, 101.825, 63.2269, 63.2269, 
261, 257, pr: 263 , SECONDARY, -8.62797, 49.1109, 28.4066, -6.42892, 47.8864, 29.2514, 2.65498, 265498, 82.3081, 60.1066, 61.1081, 
262, 257, sec: 265 pr: 266 , PRIMARY, -8.62797, 49.1109, 28.4066, -7.07654, 46.9764, 29.3296, 2.79553, 295291, 97.4244, 61.0066, 63.2439, 
263, 261, pr: 264 , PRIMARY, -6.42892, 47.8864, 29.2514, -5.39725, 47.8064, 30.4095, 1.55298, 155298, 82.3081, 60.6469, 61.1081, 
264, 263, NO CHILDREN, PRIMARY, -5.39725, 47.8064, 30.4095, -5.88499, 47.9583, 31.4838, 1.1896, 157272, 82.3081, 61.1081, 61.1081, 
265, 262, pr: 267 , SECONDARY, -7.07654, 46.9764, 29.3296, -6.96904, 46.7449, 29.5559, 0.341117, 34111.7, 43.4542, 61.3044, 61.9612, 
266, 262, sec: 268 pr: 269 , PRIMARY, -7.07654, 46.9764, 29.3296, -5.44857, 45.9734, 30.4944, 2.23897, 203763, 97.4244, 62.2773, 63.2439, 
267, 265, NO CHILDREN, PRIMARY, -6.96904, 46.7449, 29.5559, -6.19694, 46.4397, 30.5301, 1.27995, 127995, 43.4542, 61.9612, 61.9612, 
268, 266, NO CHILDREN, SECONDARY, -5.44857, 45.9734, 30.4944, -4.51519, 45.4326, 30.5042, 1.0788, 107880, 108.735, 62.6777, 62.6777, 
269, 266, NO CHILDREN, PRIMARY, -5.44857, 45.9734, 30.4944, -4.6268, 45.0016, 30.8798, 1.32976, 132731, 97.4244, 63.2439, 63.2439, 
270, 255, sec: 272 pr: 273 , PRIMARY, -5.88707, 46.3247, 29.5556, -5.16555, 45.8058, 29.9677, 0.979622, 97962, 133.254, 62.143, 67.3136, 
271, 255, sec: 285 pr: 286 , SECONDARY, -5.88707, 46.3247, 29.5556, -3.91376, 45.9351, 29.0355, 2.07754, 225597, 106.882, 61.493, 64.0331, 
272, 270, sec: 274 pr: 275 , SECONDARY, -5.16555, 45.8058, 29.9677, -4.71424, 44.3881, 31.357, 2.0356, 203560, 122.323, 64.0169, 66.7278, 
273, 270, sec: 279 pr: 280 , PRIMARY, -5.16555, 45.8058, 29.9677, -2.83519, 44.1589, 31.6301, 3.3025, 302334, 133.254, 64.2396, 67.3136, 
274, 272, pr: 276 , SECONDARY, -4.71424, 44.3881, 31.357, -3.10425, 43.083, 32.0175, 2.17524, 217524, 133.41, 65.3782, 66.1595, 
275, 272, sec: 277 pr: 278 , PRIMARY, -4.71424, 44.3881, 31.357, -4.5465, 43.5057, 32.0427, 1.13002, 104871, 122.323, 65.1077, 66.7278, 
276, 274, NO CHILDREN, PRIMARY, -3.10425, 43.083, 32.0175, -2.99199, 42.5698, 32.7093, 0.86867, 70093.1, 133.41, 66.1595, 66.1595, 
277, 275, NO CHILDREN, SECONDARY, -4.5465, 43.5057, 32.0427, -4.68996, 42.8019, 33.4444, 1.57503, 157503, 118.918, 66.424, 66.424, 
278, 275, NO CHILDREN, PRIMARY, -4.5465, 43.5057, 32.0427, -3.83467, 42.3241, 33.3375, 1.8919, 150021, 122.323, 66.7278, 66.7278, 
279, 273, pr: 281 sec: 282 , SECONDARY, -2.83519, 44.1589, 31.6301, -2.44743, 43.3313, 32.8154, 1.49674, 149674, 97.0427, 65.53, 66.2719, 
280, 273, pr: 283 sec: 284 , PRIMARY, -2.83519, 44.1589, 31.6301, -2.47613, 42.6724, 33.2724, 2.24406, 169178, 133.254, 66.3298, 67.3136, 
281, 279, NO CHILDREN, PRIMARY, -2.44743, 43.3313, 32.8154, -1.57401, 42.8452, 33.5084, 1.21632, 121632, 97.0427, 66.2719, 66.2719, 
282, 279, NO CHILDREN, SECONDARY, -2.44743, 43.3313, 32.8154, -1.99834, 42.7386, 33.0034, 0.767015, 152537, 100.326, 66.1217, 66.1217, 
283, 280, NO CHILDREN, PRIMARY, -2.47613, 42.6724, 33.2724, -1.88699, 41.6995, 33.5949, 1.18219, 118219, 133.254, 67.3136, 67.3136, 
284, 280, NO CHILDREN, SECONDARY, -2.47613, 42.6724, 33.2724, -2.6153, 41.9766, 32.8387, 0.831606, 114109, 112.633, 66.7228, 66.7228, 
285, 271, pr: 287 , SECONDARY, -3.91376, 45.9351, 29.0355, -2.50597, 44.4777, 28.8399, 2.03575, 203575, 120.57, 62.6159, 63.4455, 
286, 271, sec: 289 pr: 290 , PRIMARY, -3.91376, 45.9351, 29.0355, -3.73526, 44.2386, 28.6188, 1.756, 173042, 106.882, 62.7879, 64.0331, 
287, 285, pr: 288 , PRIMARY, -2.50597, 44.4777, 28.8399, -2.37006, 43.4632, 27.9613, 1.34893, 180819, 120.57, 63.1179, 63.4455, 
288, 287, NO CHILDREN, PRIMARY, -2.37006, 43.4632, 27.9613, -1.93514, 42.639, 27.0426, 1.3086, 113498, 120.57, 63.4455, 63.4455, 
289, 286, pr: 291 , SECONDARY, -3.73526, 44.2386, 28.6188, -3.1092, 43.6097, 28.5248, 0.892358, 89235.9, 80.1404, 63.2708, 63.3121, 
290, 286, pr: 292 sec: 293 , PRIMARY, -3.73526, 44.2386, 28.6188, -3.38932, 43.359, 27.7265, 1.29987, 122462, 106.882, 63.1542, 64.0331, 
291, 289, NO CHILDREN, PRIMARY, -3.1092, 43.6097, 28.5248, -2.55878, 43.3098, 28.073, 0.772662, 77006.5, 80.1404, 63.3121, 63.3121, 
292, 290, NO CHILDREN, PRIMARY, -3.38932, 43.359, 27.7265, -2.49553, 42.2153, 27.4762, 1.47295, 147294, 106.882, 64.0331, 64.0331, 
293, 290, NO CHILDREN, SECONDARY, -3.38932, 43.359, 27.7265, -2.82794, 43.0032, 26.9372, 1.03186, 98114.1, 125.479, 63.105, 63.105, 
294, 132, sec: 296 pr: 297 , PRIMARY, -2.92208, 64.9189, 19.518, -1.62091, 64.0589, 20.228, 1.71374, 171374, 75.5205, 41.2743, 51.3273, 
295, 132, sec: 358 pr: 359 , SECONDARY, -2.92208, 64.9189, 19.518, 0.630138, 62.9548, 18.2741, 4.24538, 533328, 76.6926, 41.3121, 48.3146, 
296, 294, sec: 298 pr: 299 , SECONDARY, -1.62091, 64.0589, 20.228, -0.362634, 63.9505, 21.8299, 2.03981, 203981, 61.9537, 42.1454, 48.3527, 
297, 294, pr: 318 sec: 319 , PRIMARY, -1.62091, 64.0589, 20.228, -0.69711, 62.9124, 26.8577, 6.79125, 716087, 75.5205, 45.7965, 51.3273, 
298, 296, pr: 300 , SECONDARY, -0.362634, 63.9505, 21.8299, 6.16942, 66.7974, 25.5967, 8.05986, 805986, 132.434, 42.3752, 47.5841, 
299, 296, sec: 304 pr: 305 , PRIMARY, -0.362634, 63.9505, 21.8299, 3.57787, 64.2493, 24.5573, 4.80167, 491005, 61.9537, 43.5199, 48.3527, 
300, 298, pr: 301 , PRIMARY, 6.16942, 66.7974, 25.5967, 6.97199, 65.8683, 25.6191, 1.22797, 128877, 132.434, 43.2425, 47.5841, 
301, 300, pr: 302 , PRIMARY, 6.97199, 65.8683, 25.6191, 7.27183, 64.0137, 25.6509, 1.87896, 187896, 132.434, 44.7868, 47.5841, 
302, 301, pr: 303 , PRIMARY, 7.27183, 64.0137, 25.6509, 7.2398, 62.1396, 26.7336, 2.16456, 202248, 132.434, 46.9096, 47.5841, 
303, 302, NO CHILDREN, PRIMARY, 7.2398, 62.1396, 26.7336, 6.94115, 61.1675, 26.6103, 1.0244, 102439, 132.434, 47.5841, 47.5841, 
304, 299, pr: 306 , SECONDARY, 3.57787, 64.2493, 24.5573, 4.04231, 64.3703, 26.3756, 1.88056, 188056, 43.2759, 44.5139, 46.0092, 
305, 299, sec: 309 pr: 310 , PRIMARY, 3.57787, 64.2493, 24.5573, 4.30247, 64.3195, 25.2963, 1.0373, 103523, 61.9537, 43.949, 48.3527, 
306, 304, pr: 307 , PRIMARY, 4.04231, 64.3703, 26.3756, 3.37649, 64.2431, 27.8141, 1.59016, 275906, 43.2759, 45.4266, 46.0092, 
307, 306, pr: 308 , PRIMARY, 3.37649, 64.2431, 27.8141, 2.9562, 64.905, 29.0368, 1.45245, 145245, 43.2759, 45.6458, 46.0092, 
308, 307, NO CHILDREN, PRIMARY, 2.9562, 64.905, 29.0368, 4.21117, 64.503, 28.9667, 1.31964, 148540, 43.2759, 46.0092, 46.0092, 
309, 305, pr: 311 , SECONDARY, 4.30247, 64.3195, 25.2963, 6.74433, 63.8494, 26.4452, 2.73929, 273929, 49.74, 45.2957, 46.092, 
310, 305, pr: 313 sec: 314 , PRIMARY, 4.30247, 64.3195, 25.2963, 5.35461, 63.3954, 27.064, 2.25515, 230197, 61.9537, 45.837, 48.3527, 
311, 309, pr: 312 , PRIMARY, 6.74433, 63.8494, 26.4452, 7.77217, 64.2487, 27.9325, 1.85144, 185144, 49.74, 46.0302, 46.092, 
312, 311, NO CHILDREN, PRIMARY, 7.77217, 64.2487, 27.9325, 8.36606, 64.3381, 27.9769, 0.602214, 65929, 49.74, 46.092, 46.092, 
313, 310, sec: 315 pr: 316 , PRIMARY, 5.35461, 63.3954, 27.064, 6.20161, 63.4026, 27.9616, 1.23416, 123416, 61.9537, 46.4724, 48.3527, 
314, 310, pr: 317 , SECONDARY, 5.35461, 63.3954, 27.064, 6.07674, 63.4104, 27.248, 0.745348, 78020.9, 28.5794, 46.0237, 46.4389, 
315, 313, NO CHILDREN, SECONDARY, 6.20161, 63.4026, 27.9616, 7.58885, 62.6968, 28.7542, 1.74664, 174664, 57.5512, 47.7067, 47.7067, 
316, 313, NO CHILDREN, PRIMARY, 6.20161, 63.4026, 27.9616, 6.39483, 62.2875, 29.5779, 1.97309, 185430, 61.9537, 48.3527, 48.3527, 
317, 314, NO CHILDREN, PRIMARY, 6.07674, 63.4104, 27.248, 6.88852, 62.9334, 27.1143, 0.951, 95099.9, 28.5794, 46.4389, 46.4389, 
318, 297, pr: 320 sec: 321 , PRIMARY, -0.69711, 62.9124, 26.8577, -0.376729, 63.2505, 27.5807, 0.860042, 86004.2, 75.5205, 45.9496, 51.3273, 
319, 297, pr: 344 sec: 345 , SECONDARY, -0.69711, 62.9124, 26.8577, 1.38925, 63.0811, 27.1836, 2.11838, 211467, 61.4143, 45.8681, 48.2475, 
320, 318, pr: 322 sec: 323 , PRIMARY, -0.376729, 63.2505, 27.5807, 0.710965, 62.0286, 31.1083, 3.88839, 388839, 75.5205, 49.0923, 51.3273, 
321, 318, sec: 335 pr: 336 , SECONDARY, -0.376729, 63.2505, 27.5807, -0.370877, 62.0663, 29.3735, 2.14854, 181022, 71.5913, 47.9782, 50.9275, 
322, 320, pr: 324 sec: 325 , PRIMARY, 0.710965, 62.0286, 31.1083, 2.14529, 62.1781, 33.3002, 2.62376, 262376, 75.5205, 50.438, 51.3273, 
323, 320, sec: 330 pr: 331 , SECONDARY, 0.710965, 62.0286, 31.1083, 1.80903, 61.8965, 31.4274, 1.15112, 121500, 44.2176, 49.425, 49.5825, 
324, 322, pr: 326 sec: 327 , PRIMARY, 2.14529, 62.1781, 33.3002, 2.48692, 62.9147, 34.9753, 1.86148, 186148, 75.5205, 51.037, 51.3273, 
325, 322, pr: 328 sec: 329 , SECONDARY, 2.14529, 62.1781, 33.3002, 2.38451, 61.9775, 33.4674, 0.354169, 59285.7, 52.132, 50.7096, 50.9693, 
326, 324, NO CHILDREN, PRIMARY, 2.48692, 62.9147, 34.9753, 2.17222, 63.6537, 36.1763, 1.44487, 144487, 75.5205, 51.3273, 51.3273, 
327, 324, NO CHILDREN, SECONDARY, 2.48692, 62.9147, 34.9753, 2.00426, 62.7388, 35.1476, 0.541843, 98773.2, 140.959, 51.2617, 51.2617, 
328, 325, NO CHILDREN, PRIMARY, 2.38451, 61.9775, 33.4674, 2.4867, 61.6804, 33.5155, 0.31788, 31788.2, 52.132, 50.9693, 50.9693, 
329, 325, NO CHILDREN, SECONDARY, 2.38451, 61.9775, 33.4674, 2.15711, 61.2512, 33.0072, 0.889386, 103401, 178.547, 50.947, 50.947, 
330, 323, pr: 332 , SECONDARY, 1.80903, 61.8965, 31.4274, 2.78565, 62.4916, 31.4882, 1.14525, 114525, 129.163, 49.0525, 48.3673, 
331, 323, pr: 333 sec: 334 , PRIMARY, 1.80903, 61.8965, 31.4274, 2.76765, 61.9794, 31.3206, 0.968106, 96867.4, 44.2176, 49.3377, 49.5825, 
332, 330, NO CHILDREN, PRIMARY, 2.78565, 62.4916, 31.4882, 2.8552, 62.7759, 30.7508, 0.793423, 76447.1, 129.163, 48.3673, 48.3673, 
333, 331, NO CHILDREN, PRIMARY, 2.76765, 61.9794, 31.3206, 3.47305, 62.0993, 31.7789, 0.849701, 84970, 44.2176, 49.5825, 49.5825, 
334, 331, NO CHILDREN, SECONDARY, 2.76765, 61.9794, 31.3206, 3.57283, 62.0505, 31.2356, 0.812765, 83420.9, 146.796, 49.2808, 49.2808, 
335, 321, pr: 337 , SECONDARY, -0.370877, 62.0663, 29.3735, -1.15796, 60.7753, 29.9852, 1.63114, 163114, 70.5457, 49.3866, 50.6618, 
336, 321, sec: 339 pr: 340 , PRIMARY, -0.370877, 62.0663, 29.3735, -0.254977, 61.037, 29.9619, 1.19126, 112018, 71.5913, 49.1517, 50.9275, 
337, 335, pr: 338 , PRIMARY, -1.15796, 60.7753, 29.9852, -1.77815, 60.4263, 30.1341, 0.727038, 72704, 70.5457, 49.7726, 50.6618, 
338, 337, NO CHILDREN, PRIMARY, -1.77815, 60.4263, 30.1341, -2.34446, 59.5912, 30.4672, 1.0625, 117518, 70.5457, 50.6618, 50.6618, 
339, 336, pr: 341 , SECONDARY, -0.254977, 61.037, 29.9619, -0.394283, 59.8825, 29.8261, 1.17076, 117076, 60.0244, 49.9916, 50.3097, 
340, 336, sec: 342 pr: 343 , PRIMARY, -0.254977, 61.037, 29.9619, 0.561463, 59.5899, 29.9846, 1.66171, 170136, 71.5913, 50.3226, 50.9275, 
341, 339, NO CHILDREN, PRIMARY, -0.394283, 59.8825, 29.8261, -0.155771, 59.0801, 29.2678, 1.00619, 100619, 60.0244, 50.3097, 50.3097, 
342, 340, NO CHILDREN, SECONDARY, 0.561463, 59.5899, 29.9846, 1.13341, 59.3248, 30.0253, 0.6317, 63170.1, 74.7621, 50.5695, 50.5695, 
343, 340, NO CHILDREN, PRIMARY, 0.561463, 59.5899, 29.9846, 0.913467, 58.9822, 30.1714, 0.726746, 72248.5, 71.5913, 50.9275, 50.9275, 
344, 319, pr: 346 sec: 347 , PRIMARY, 1.38925, 63.0811, 27.1836, 3.42325, 62.0284, 27.361, 2.2971, 229710, 61.4143, 46.9274, 48.2475, 
345, 319, pr: 355 , SECONDARY, 1.38925, 63.0811, 27.1836, 3.28397, 62.3587, 25.6074, 2.56834, 260516, 108.682, 45.6442, 47.2865, 
346, 344, pr: 348 sec: 349 , PRIMARY, 3.42325, 62.0284, 27.361, 4.26455, 62.0301, 27.6977, 0.906178, 90617.8, 61.4143, 47.1918, 48.2475, 
347, 344, pr: 353 , SECONDARY, 3.42325, 62.0284, 27.361, 5.46538, 61.7902, 27.1224, 2.06978, 208212, 87.1186, 47.1751, 46.9779, 
348, 346, pr: 350 sec: 351 , PRIMARY, 4.26455, 62.0301, 27.6977, 5.33792, 61.6259, 27.6218, 1.14945, 114946, 61.4143, 47.5818, 48.2475, 
349, 346, pr: 352 , SECONDARY, 4.26455, 62.0301, 27.6977, 5.559, 62.0195, 26.2005, 1.97921, 198007, 123.016, 46.4746, 46.6101, 
350, 348, NO CHILDREN, PRIMARY, 5.33792, 61.6259, 27.6218, 6.39068, 61.3928, 28.2216, 1.23388, 123388, 61.4143, 48.2475, 48.2475, 
351, 348, NO CHILDREN, SECONDARY, 5.33792, 61.6259, 27.6218, 6.20256, 61.6483, 27.3473, 0.907449, 90873.7, 83.7179, 47.51, 47.51, 
352, 349, NO CHILDREN, PRIMARY, 5.559, 62.0195, 26.2005, 6.18578, 61.5361, 25.5884, 1.00061, 102346, 123.016, 46.6101, 46.6101, 
353, 347, pr: 354 , PRIMARY, 5.46538, 61.7902, 27.1224, 5.94311, 61.9011, 26.3082, 0.950491, 104509, 87.1186, 46.6794, 46.9779, 
354, 353, NO CHILDREN, PRIMARY, 5.94311, 61.9011, 26.3082, 6.35085, 61.8372, 26.6494, 0.535467, 62062.1, 87.1186, 46.9779, 46.9779, 
355, 345, pr: 356 , PRIMARY, 3.28397, 62.3587, 25.6074, 2.67354, 61.101, 24.7136, 1.65927, 149493, 108.682, 46.1632, 47.2865, 
356, 355, pr: 357 , PRIMARY, 2.67354, 61.101, 24.7136, 3.08611, 59.1033, 23.3317, 2.46388, 246388, 108.682, 47.1851, 47.2865, 
357, 356, NO CHILDREN, PRIMARY, 3.08611, 59.1033, 23.3317, 3.29323, 58.4509, 22.3346, 1.20943, 110118, 108.682, 47.2865, 47.2865, 
358, 295, pr: 360 , SECONDARY, 0.630138, 62.9548, 18.2741, 3.12623, 62.5605, 15.6818, 3.62024, 362024, 71.2053, 40.7113, 43.5925, 
359, 295, sec: 365 pr: 366 , PRIMARY, 0.630138, 62.9548, 18.2741, -0.915892, 61.2915, 7.51183, 10.9993, 1.08897e+06, 76.6926, 39.4413, 48.3146, 
360, 358, pr: 361 , PRIMARY, 3.12623, 62.5605, 15.6818, 4.87257, 62.0961, 14.1586, 2.36336, 239604, 71.2053, 40.7543, 43.5925, 
361, 360, pr: 362 , PRIMARY, 4.87257, 62.0961, 14.1586, 5.13304, 61.9567, 13.914, 0.383559, 67244.7, 71.2053, 40.8319, 43.5925, 
362, 361, pr: 363 , PRIMARY, 5.13304, 61.9567, 13.914, 7.62989, 61.7355, 13.2921, 2.58261, 258261, 71.2053, 41.2197, 43.5925, 
363, 362, pr: 364 , PRIMARY, 7.62989, 61.7355, 13.2921, 8.67671, 61.0274, 13.5823, 1.2967, 129670, 71.2053, 42.1738, 43.5925, 
364, 363, NO CHILDREN, PRIMARY, 8.67671, 61.0274, 13.5823, 9.13091, 59.9722, 14.6529, 1.57036, 157036, 71.2053, 43.5925, 43.5925, 
365, 359, pr: 367 , SECONDARY, -0.915892, 61.2915, 7.51183, 0.439621, 60.4073, 4.5785, 3.35016, 335016, 83.8943, 39.8589, 46.2153, 
366, 359, sec: 371 pr: 372 , PRIMARY, -0.915892, 61.2915, 7.51183, 0.724881, 60.3016, 5.64285, 2.67678, 249823, 76.6926, 40.104, 48.3146, 
367, 365, pr: 368 , PRIMARY, 0.439621, 60.4073, 4.5785, 2.51919, 58.1597, 5.05753, 3.09935, 413836, 83.8943, 42.2201, 46.2153, 
368, 367, pr: 369 , PRIMARY, 2.51919, 58.1597, 5.05753, 4.68772, 57.1174, 6.00766, 2.58684, 258683, 83.8943, 43.5544, 46.2153, 
369, 368, pr: 370 , PRIMARY, 4.68772, 57.1174, 6.00766, 6.18912, 55.435, 7.87343, 2.92669, 246485, 83.8943, 45.6764, 46.2153, 
370, 369, NO CHILDREN, PRIMARY, 6.18912, 55.435, 7.87343, 6.17905, 54.9914, 8.47956, 0.75118, 75118, 83.8943, 46.2153, 46.2153, 
371, 366, pr: 373 , SECONDARY, 0.724881, 60.3016, 5.64285, 2.1726, 58.9728, 5.3381, 1.98859, 198859, 40.8854, 41.43, 43.8185, 
372, 366, sec: 376 pr: 377 , PRIMARY, 0.724881, 60.3016, 5.64285, 2.10616, 57.9567, 8.06359, 3.64232, 408073, 76.6926, 42.8613, 48.3146, 
373, 371, pr: 374 , PRIMARY, 2.1726, 58.9728, 5.3381, 3.39634, 57.7844, 3.97591, 2.18302, 217780, 40.8854, 42.5383, 43.8185, 
374, 373, pr: 375 , PRIMARY, 3.39634, 57.7844, 3.97591, 3.71148, 57.6459, 3.89921, 0.352648, 35264.7, 40.8854, 42.6948, 43.8185, 
375, 374, NO CHILDREN, PRIMARY, 3.71148, 57.6459, 3.89921, 4.3679, 56.525, 3.30308, 1.42922, 142922, 40.8854, 43.8185, 43.8185, 
376, 372, pr: 378 , SECONDARY, 2.10616, 57.9567, 8.06359, 2.0524, 56.7445, 10.435, 2.66384, 266384, 60.4277, 44.5437, 46.1765, 
377, 372, pr: 380 sec: 381 , PRIMARY, 2.10616, 57.9567, 8.06359, 3.27495, 56.1262, 9.84916, 2.81162, 223267, 76.6926, 45.0848, 48.3146, 
378, 376, pr: 379 , PRIMARY, 2.0524, 56.7445, 10.435, 1.86084, 56.3901, 11.0007, 0.694494, 81564.8, 60.4277, 45.0145, 46.1765, 
379, 378, NO CHILDREN, PRIMARY, 1.86084, 56.3901, 11.0007, 2.43902, 55.4475, 11.8913, 1.41978, 127239, 60.4277, 46.1765, 46.1765, 
380, 377, sec: 382 pr: 383 , PRIMARY, 3.27495, 56.1262, 9.84916, 3.11157, 54.6078, 10.7927, 1.79509, 179509, 76.6926, 46.7612, 48.3146, 
381, 377, pr: 384 , SECONDARY, 3.27495, 56.1262, 9.84916, 3.49114, 55.17, 10.7306, 1.31834, 98600.2, 54.3174, 46.2284, 47.1975, 
382, 380, NO CHILDREN, SECONDARY, 3.11157, 54.6078, 10.7927, 3.20845, 54.2025, 11.733, 1.02849, 102850, 50.7801, 47.3853, 47.3853, 
383, 380, NO CHILDREN, PRIMARY, 3.11157, 54.6078, 10.7927, 3.79915, 53.4087, 12.2113, 1.98067, 159827, 76.6926, 48.3146, 48.3146, 
384, 381, NO CHILDREN, PRIMARY, 3.49114, 55.17, 10.7306, 4.16382, 54.2385, 10.7774, 1.14993, 127092, 54.3174, 47.1975, 47.1975, 
