SEG NUM, PARENT, CHILDREN, START X, START Y, START X, END X, END Y, END Z, LENGTH, ENERGY, VELOCITY, DIST 2 ROOT, MAX DIST 2 ROOT, 
0, NO PARENT, pr: 1 , 0, 100, 0, -0.109237, 98.88, 0.571642, 1.26216, 919861, 0.7938, 0, 0, 
1, 0, pr: 2 , -0.109237, 98.88, 0.571642, -0.315144, 97.6427, 0.431455, 1.26215, 919861, 0.7938, 0, 0, 
2, 1, pr: 3 , -0.315144, 97.6427, 0.431455, -0.60392, 96.4309, 0.16124, 1.27467, 919861, 0.7938, 0, 0, 
3, 2, pr: 4 , -0.60392, 96.4309, 0.16124, -1.1986, 95.4007, 0.619217, 1.27467, 919861, 0.7938, 0, 0, 
4, 3, pr: 5 , -1.1986, 95.4007, 0.619217, -1.22044, 94.1753, 0.253232, 1.27908, 919861, 0.7938, 0, 0, 
5, 4, pr: 6 , -1.22044, 94.1753, 0.253232, -0.756105, 93.0255, 0.567022, 1.27907, 919861, 0.7938, 0, 0, 
6, 5, pr: 7 , -0.756105, 93.0255, 0.567022, -0.22879, 91.9051, 0.51515, 1.23935, 919861, 0.7938, 0, 0, 
7, 6, pr: 8 pr: 1129 , -0.22879, 91.9051, 0.51515, 0, 90.8014, 0, 1.23935, 919861, 0.7938, 0, 0, 
8, 7, pr: 9 , 0, 90.8014, 0, -0.759741, 89.5516, 0.461493, 1.53372, 1.14926e+06, 0.538504, 0, 0, 
9, 8, pr: 10 , -0.759741, 89.5516, 0.461493, -1.24758, 88.1087, 0.64172, 1.53372, 1.14926e+06, 0.538504, 0, 0, 
10, 9, pr: 11 , -1.24758, 88.1087, 0.64172, -2.20665, 86.9094, 0.513822, 1.54093, 1.14926e+06, 0.538504, 0, 0, 
11, 10, pr: 12 , -2.20665, 86.9094, 0.513822, -3.44424, 86.0139, 0.716279, 1.54094, 1.14926e+06, 0.538504, 0, 0, 
12, 11, pr: 13 , -3.44424, 86.0139, 0.716279, -4.05309, 84.6314, 0.428063, 1.53794, 1.14926e+06, 0.538504, 0, 0, 
13, 12, pr: 14 , -4.05309, 84.6314, 0.428063, -4.25226, 83.1068, 0.463422, 1.53794, 1.14926e+06, 0.538504, 0, 0, 
14, 13, pr: 15 , -4.25226, 83.1068, 0.463422, -5.20281, 82.0073, -0.232123, 1.61124, 1.14926e+06, 0.538504, 0, 0, 
15, 14, pr: 16 pr: 557 , -5.20281, 82.0073, -0.232123, -5.11107, 80.5481, -0.909127, 1.61125, 1.14926e+06, 0.538504, 0, 0, 
16, 15, pr: 17 , -5.11107, 80.5481, -0.909127, -4.92239, 79.7891, -0.855142, 0.783926, 573723, 0.355012, 0, 0, 
17, 16, pr: 18 , -4.92239, 79.7891, -0.855142, -5.06198, 79.1202, -0.471031, 0.783929, 573723, 0.355012, 0, 0, 
18, 17, pr: 19 , -5.06198, 79.1202, -0.471031, -5.06878, 78.3845, -0.654241, 0.758165, 573723, 0.355012, 0, 0, 
19, 18, pr: 20 , -5.06878, 78.3845, -0.654241, -5.17333, 77.6355, -0.600307, 0.758176, 573723, 0.355012, 0, 0, 
20, 19, pr: 21 , -5.17333, 77.6355, -0.600307, -5.214, 76.8884, -0.710815, 0.756346, 573723, 0.355012, 0, 0, 
21, 20, pr: 22 , -5.214, 76.8884, -0.710815, -5.12854, 76.1369, -0.716314, 0.756359, 573723, 0.355012, 0, 0, 
22, 21, pr: 23 , -5.12854, 76.1369, -0.716314, -5.05758, 75.5614, -1.22854, 0.773728, 573723, 0.355012, 0, 0, 
23, 22, pr: 24 pr: 300 , -5.05758, 75.5614, -1.22854, -5.18806, 74.8393, -1.47389, 0.773724, 573723, 0.355012, 0, 0, 
24, 23, pr: 25 , -5.18806, 74.8393, -1.47389, -4.7264, 74.3027, -2.23513, 1.0395, 781799, 0.183812, 0, 0, 
25, 24, pr: 26 , -4.7264, 74.3027, -2.23513, -4.07912, 73.5733, -2.59508, 1.0395, 781799, 0.183812, 0, 0, 
26, 25, pr: 27 , -4.07912, 73.5733, -2.59508, -3.39551, 73.0429, -3.14791, 1.02678, 781799, 0.183812, 0, 0, 
27, 26, pr: 28 , -3.39551, 73.0429, -3.14791, -2.5349, 72.5387, -3.39169, 1.02678, 781799, 0.183812, 0, 0, 
28, 27, pr: 29 , -2.5349, 72.5387, -3.39169, -2.0951, 71.6809, -3.67766, 1.00551, 781799, 0.183812, 0, 0, 
29, 28, pr: 30 , -2.0951, 71.6809, -3.67766, -1.59669, 70.8203, -3.82626, 1.00551, 781799, 0.183812, 0, 0, 
30, 29, pr: 31 , -1.59669, 70.8203, -3.82626, -1.07512, 70.0478, -4.24203, 1.02062, 781799, 0.183812, 0, 0, 
31, 30, pr: 32 pr: 161 , -1.07512, 70.0478, -4.24203, -0.830735, 69.0856, -4.47888, 1.02062, 781799, 0.183812, 0, 0, 
32, 31, pr: 33 , -0.830735, 69.0856, -4.47888, -0.199233, 68.9153, -4.62027, 0.669156, 502426, 0.118585, 0, 0, 
33, 32, pr: 34 , -0.199233, 68.9153, -4.62027, 0.430132, 68.6997, -4.69203, 0.669158, 502426, 0.118585, 0, 0, 
34, 33, pr: 35 , 0.430132, 68.6997, -4.69203, 0.986396, 68.3179, -4.88333, 0.701271, 502426, 0.118585, 0, 0, 
35, 34, pr: 36 , 0.986396, 68.3179, -4.88333, 1.47848, 67.8727, -4.65648, 0.701274, 502426, 0.118585, 0, 0, 
36, 35, pr: 37 , 1.47848, 67.8727, -4.65648, 2.0802, 67.5076, -4.58661, 0.707268, 502426, 0.118585, 0, 0, 
37, 36, pr: 38 , 2.0802, 67.5076, -4.58661, 2.46539, 66.9178, -4.52331, 0.707264, 502426, 0.118585, 0, 0, 
38, 37, pr: 39 , 2.46539, 66.9178, -4.52331, 2.88845, 66.7281, -3.98065, 0.713763, 502426, 0.118585, 0, 0, 
39, 38, pr: 40 pr: 101 , 2.88845, 66.7281, -3.98065, 3.19961, 66.2219, -3.58521, 0.713762, 502426, 0.118585, 0, 0, 
40, 39, pr: 41 , 3.19961, 66.2219, -3.58521, 3.58365, 65.545, -3.07904, 0.928335, 184459, 0.0508597, 0, 0, 
41, 40, pr: 42 pr: 77 , 3.58365, 65.545, -3.07904, 4.05674, 65.0294, -2.46902, 0.928332, 184459, 0.0508597, 0, 0, 
42, 41, pr: 43 , 4.05674, 65.0294, -2.46902, 4.46052, 64.6873, -2.41367, 0.532126, 203136, 0.024234, 0, 0, 
43, 42, pr: 44 , 4.46052, 64.6873, -2.41367, 4.72627, 64.2272, -2.44335, 0.532132, 203136, 0.024234, 0, 0, 
44, 43, pr: 45 , 4.72627, 64.2272, -2.44335, 4.95852, 63.7662, -2.58328, 0.534858, 203136, 0.024234, 0, 0, 
45, 44, pr: 46 pr: 61 , 4.95852, 63.7662, -2.58328, 4.99431, 63.2348, -2.6322, 0.534853, 203136, 0.024234, 0, 0, 
46, 45, pr: 47 , 4.99431, 63.2348, -2.6322, 5.09938, 62.4206, -2.58962, 0.82203, 297278, 0.0158399, 0, 0, 
47, 46, pr: 48 , 5.09938, 62.4206, -2.58962, 4.79436, 61.6865, -2.79881, 0.822026, 297278, 0.0158399, 0, 0, 
48, 47, pr: 49 , 4.79436, 61.6865, -2.79881, 5.08626, 61.0758, -3.19746, 0.78552, 297278, 0.0158399, 0, 0, 
49, 48, pr: 50 pr: 56 , 5.08626, 61.0758, -3.19746, 5.36349, 60.4322, -3.55235, 0.785521, 297278, 0.0158399, 0, 0, 
50, 49, pr: 51 , 5.36349, 60.4322, -3.55235, 5.58736, 60.0723, -3.98194, 0.603504, 213223, 0.0073654, 0, 0, 
51, 50, pr: 52 , 5.58736, 60.0723, -3.98194, 5.72412, 59.4878, -4.04411, 0.603504, 213223, 0.0073654, 0, 0, 
52, 51, pr: 53 , 5.72412, 59.4878, -4.04411, 5.98351, 59.2991, -4.51447, 0.569296, 213223, 0.0073654, 0, 0, 
53, 52, pr: 54 pr: 55 , 5.98351, 59.2991, -4.51447, 6.07351, 59.063, -5.0246, 0.569296, 213223, 0.0073654, 0, 0, 
54, 53, NO CHILDREN, 6.07351, 59.063, -5.0246, 6.21659, 59.0207, -5.35216, 0.359944, 35994.3, 0.00383417, 0, 0, 
55, 53, NO CHILDREN, 6.07351, 59.063, -5.0246, 6.58381, 58.9442, -5.66606, 0.828249, 82824.9, 0.0033735, 0, 0, 
56, 49, pr: 57 , 5.36349, 60.4322, -3.55235, 5.74018, 59.8417, -3.87388, 0.770687, 152042, 0.00673291, 0, 0, 
57, 56, pr: 58 pr: 59 , 5.74018, 59.8417, -3.87388, 6.31007, 59.4121, -4.16477, 0.770686, 152042, 0.00673291, 0, 0, 
58, 57, NO CHILDREN, 6.31007, 59.4121, -4.16477, 7.02092, 59.1071, -4.18975, 0.773907, 77390.8, 0.00291033, 0, 0, 
59, 57, pr: 60 , 6.31007, 59.4121, -4.16477, 6.54926, 59.12, -4.72049, 0.671814, 132338, 0.00414935, 0, 0, 
60, 59, NO CHILDREN, 6.54926, 59.12, -4.72049, 6.57779, 58.7302, -5.26691, 0.671818, 132338, 0.00414935, 0, 0, 
61, 45, pr: 62 , 4.99431, 63.2348, -2.6322, 4.97376, 62.6206, -2.51259, 0.626008, 122641, 0.0163699, 0, 0, 
62, 61, pr: 63 pr: 71 , 4.97376, 62.6206, -2.51259, 4.91284, 62.0111, -2.64162, 0.626011, 122641, 0.0163699, 0, 0, 
63, 62, pr: 64 , 4.91284, 62.0111, -2.64162, 4.7445, 61.522, -2.78721, 0.537326, 198969, 0.00647817, 0, 0, 
64, 63, pr: 65 , 4.7445, 61.522, -2.78721, 4.81673, 61.0226, -2.97174, 0.537326, 198969, 0.00647817, 0, 0, 
65, 64, pr: 66 , 4.81673, 61.0226, -2.97174, 4.66765, 60.674, -3.34259, 0.530358, 198969, 0.00647817, 0, 0, 
66, 65, pr: 67 pr: 69 , 4.66765, 60.674, -3.34259, 4.61916, 60.4273, -3.80956, 0.530357, 198969, 0.00647817, 0, 0, 
67, 66, pr: 68 , 4.61916, 60.4273, -3.80956, 4.27337, 59.8438, -3.71829, 0.684391, 135571, 0.00389581, 0, 0, 
68, 67, NO CHILDREN, 4.27337, 59.8438, -3.71829, 4.01899, 59.2119, -3.78483, 0.684389, 135571, 0.00389581, 0, 0, 
69, 66, pr: 70 , 4.61916, 60.4273, -3.80956, 4.18782, 59.8702, -3.81294, 0.704587, 139552, 0.00409767, 0, 0, 
70, 69, NO CHILDREN, 4.18782, 59.8702, -3.81294, 3.92584, 59.2164, -3.83325, 0.704588, 139552, 0.00409767, 0, 0, 
71, 62, pr: 72 , 4.91284, 62.0111, -2.64162, 5.22764, 61.4847, -2.55889, 0.618923, 123198, 0.00554747, 0, 0, 
72, 71, pr: 73 pr: 75 , 5.22764, 61.4847, -2.55889, 5.44653, 60.9066, -2.52732, 0.618921, 123198, 0.00554747, 0, 0, 
73, 72, pr: 74 , 5.44653, 60.9066, -2.52732, 5.52773, 60.3991, -2.32642, 0.551851, 109578, 0.00339089, 0, 0, 
74, 73, NO CHILDREN, 5.52773, 60.3991, -2.32642, 5.50206, 59.8631, -2.19759, 0.551849, 109578, 0.00339089, 0, 0, 
75, 72, pr: 76 , 5.44653, 60.9066, -2.52732, 5.35146, 60.2197, -2.03033, 0.853154, 165994, 0.00438268, 0, 0, 
76, 75, NO CHILDREN, 5.35146, 60.2197, -2.03033, 5.5984, 59.4648, -1.71903, 0.853157, 165994, 0.00438268, 0, 0, 
77, 41, pr: 78 pr: 88 , 4.05674, 65.0294, -2.46902, 4.42259, 64.5025, -2.44101, 0.642055, 64205.9, 0.0280992, 0, 0, 
78, 77, pr: 79 , 4.42259, 64.5025, -2.44101, 4.46807, 63.8415, -2.38134, 0.665289, 131561, 0.0138673, 0, 0, 
79, 78, pr: 80 pr: 85 , 4.46807, 63.8415, -2.38134, 4.54163, 63.1946, -2.51818, 0.665283, 131561, 0.0138673, 0, 0, 
80, 79, pr: 81 , 4.54163, 63.1946, -2.51818, 4.18365, 62.6145, -2.64245, 0.692919, 138392, 0.00794022, 0, 0, 
81, 80, pr: 82 pr: 84 , 4.18365, 62.6145, -2.64245, 3.80439, 62.0654, -2.82912, 0.692916, 138392, 0.00794022, 0, 0, 
82, 81, pr: 83 , 3.80439, 62.0654, -2.82912, 3.75946, 61.4679, -2.83464, 0.599243, 116062, 0.00235908, 0, 0, 
83, 82, NO CHILDREN, 3.75946, 61.4679, -2.83464, 3.81472, 60.9401, -3.11299, 0.599243, 116062, 0.00235908, 0, 0, 
84, 81, NO CHILDREN, 3.80439, 62.0654, -2.82912, 3.76061, 61.4387, -2.95941, 0.64164, 64163.9, 0.00310568, 0, 0, 
85, 79, pr: 86 pr: 87 , 4.54163, 63.1946, -2.51818, 5.16901, 62.5094, -2.47272, 0.930118, 93011.8, 0.00626527, 0, 0, 
86, 85, NO CHILDREN, 5.16901, 62.5094, -2.47272, 5.36362, 61.7975, -2.68009, 0.766645, 76664.5, 0.00316791, 0, 0, 
87, 85, NO CHILDREN, 5.16901, 62.5094, -2.47272, 5.75109, 62.0116, -1.86273, 0.979154, 97915.4, 0.00233898, 0, 0, 
88, 77, pr: 89 , 4.42259, 64.5025, -2.44101, 4.49095, 63.8489, -2.31749, 0.668727, 263394, 0.0127336, 0, 0, 
89, 88, pr: 90 , 4.49095, 63.8489, -2.31749, 4.36467, 63.2219, -2.12234, 0.668727, 263394, 0.0127336, 0, 0, 
90, 89, pr: 91 , 4.36467, 63.2219, -2.12234, 4.49152, 62.6022, -1.92242, 0.663301, 263394, 0.0127336, 0, 0, 
91, 90, pr: 92 pr: 96 , 4.49152, 62.6022, -1.92242, 4.49784, 61.9675, -1.72998, 0.663306, 263394, 0.0127336, 0, 0, 
92, 91, pr: 93 pr: 94 , 4.49784, 61.9675, -1.72998, 4.96828, 61.6086, -1.34917, 0.703672, 70367.4, 0.00421054, 0, 0, 
93, 92, NO CHILDREN, 4.96828, 61.6086, -1.34917, 5.19171, 61.1791, -0.723193, 0.79133, 79133.1, 0.00416462, 0, 0, 
94, 92, pr: 95 , 4.96828, 61.6086, -1.34917, 5.47076, 61.5212, -1.0569, 0.587825, 114907, 0.00482853, 0, 0, 
95, 94, NO CHILDREN, 5.47076, 61.5212, -1.0569, 5.936, 61.6777, -0.733464, 0.587825, 114907, 0.00482853, 0, 0, 
96, 91, pr: 97 , 4.49784, 61.9675, -1.72998, 4.87191, 61.4815, -1.06104, 0.907537, 178857, 0.00612613, 0, 0, 
97, 96, pr: 98 pr: 100 , 4.87191, 61.4815, -1.06104, 5.22964, 60.7787, -0.611826, 0.907535, 178857, 0.00612613, 0, 0, 
98, 97, pr: 99 , 5.22964, 60.7787, -0.611826, 5.33388, 60.6992, 0.0549405, 0.679541, 135285, 0.00490923, 0, 0, 
99, 98, NO CHILDREN, 5.33388, 60.6992, 0.0549405, 5.56393, 60.6164, 0.688979, 0.679541, 135285, 0.00490923, 0, 0, 
100, 97, NO CHILDREN, 5.22964, 60.7787, -0.611826, 5.58863, 60.1659, -0.507989, 0.717755, 71775.5, 0.00344343, 0, 0, 
101, 39, pr: 102 , 3.19961, 66.2219, -3.58521, 3.74214, 66.2226, -3.39886, 0.573645, 445440, 0.0355363, 0, 0, 
102, 101, pr: 103 , 3.74214, 66.2226, -3.39886, 4.22731, 66.3015, -3.10313, 0.573645, 445440, 0.0355363, 0, 0, 
103, 102, pr: 104 , 4.22731, 66.3015, -3.10313, 4.74727, 66.2798, -2.86648, 0.571687, 445440, 0.0355363, 0, 0, 
104, 103, pr: 105 , 4.74727, 66.2798, -2.86648, 5.28685, 66.1797, -2.7063, 0.571686, 445440, 0.0355363, 0, 0, 
105, 104, pr: 106 , 5.28685, 66.1797, -2.7063, 5.85413, 66.4091, -2.74917, 0.613389, 445440, 0.0355363, 0, 0, 
106, 105, pr: 107 , 5.85413, 66.4091, -2.74917, 6.41244, 66.4599, -2.50026, 0.613387, 445440, 0.0355363, 0, 0, 
107, 106, pr: 108 , 6.41244, 66.4599, -2.50026, 7.01617, 66.4421, -2.51424, 0.604152, 445440, 0.0355363, 0, 0, 
108, 107, pr: 109 pr: 137 , 7.01617, 66.4421, -2.51424, 7.55077, 66.1867, -2.63243, 0.604154, 445440, 0.0355363, 0, 0, 
109, 108, pr: 110 , 7.55077, 66.1867, -2.63243, 8.14461, 66.2441, -2.08014, 0.812996, 316139, 0.0272243, 0, 0, 
110, 109, pr: 111 , 8.14461, 66.2441, -2.08014, 8.56987, 66.1057, -1.4012, 0.812995, 316139, 0.0272243, 0, 0, 
111, 110, pr: 112 , 8.56987, 66.1057, -1.4012, 9.0561, 65.6801, -0.834164, 0.859688, 316139, 0.0272243, 0, 0, 
112, 111, pr: 113 pr: 125 , 9.0561, 65.6801, -0.834164, 9.84555, 65.7528, -0.501671, 0.859691, 316139, 0.0272243, 0, 0, 
113, 112, pr: 114 , 9.84555, 65.7528, -0.501671, 10.3241, 65.4598, 0.21618, 0.911108, 353777, 0.0182073, 0, 0, 
114, 113, pr: 115 , 10.3241, 65.4598, 0.21618, 10.7516, 64.922, 0.814587, 0.911106, 353777, 0.0182073, 0, 0, 
115, 114, pr: 116 , 10.7516, 64.922, 0.814587, 10.7541, 64.3795, 1.55503, 0.917909, 353777, 0.0182073, 0, 0, 
116, 115, pr: 117 pr: 121 , 10.7541, 64.3795, 1.55503, 11.0701, 63.7546, 2.14853, 0.91791, 353777, 0.0182073, 0, 0, 
117, 116, pr: 118 , 11.0701, 63.7546, 2.14853, 10.8527, 63.3336, 2.73726, 0.75575, 150836, 0.00524296, 0, 0, 
118, 117, pr: 119 pr: 120 , 10.8527, 63.3336, 2.73726, 10.7248, 62.9271, 3.3614, 0.755752, 150836, 0.00524296, 0, 0, 
119, 118, NO CHILDREN, 10.7248, 62.9271, 3.3614, 10.7604, 62.787, 4.15579, 0.807421, 80741.9, 0.00401617, 0, 0, 
120, 118, NO CHILDREN, 10.7248, 62.9271, 3.3614, 10.962, 62.7126, 4.21917, 0.915416, 91541.4, 0.00402947, 0, 0, 
121, 116, pr: 122 , 11.0701, 63.7546, 2.14853, 11.613, 63.453, 2.16075, 0.621155, 116408, 0.00666717, 0, 0, 
122, 121, pr: 123 pr: 124 , 11.613, 63.453, 2.16075, 11.9088, 63.0326, 2.50934, 0.621157, 116408, 0.00666717, 0, 0, 
123, 122, NO CHILDREN, 11.9088, 63.0326, 2.50934, 12.6373, 62.8376, 2.33941, 0.773036, 77303.6, 0.00360781, 0, 0, 
124, 122, NO CHILDREN, 11.9088, 63.0326, 2.50934, 12.4519, 62.9588, 2.90825, 0.67784, 67784, 0.00294085, 0, 0, 
125, 112, pr: 126 , 9.84555, 65.7528, -0.501671, 10.1489, 66.2264, 0.0328928, 0.775939, 295591, 0.0185342, 0, 0, 
126, 125, pr: 127 , 10.1489, 66.2264, 0.0328928, 10.2715, 66.4733, 0.758225, 0.775936, 295591, 0.0185342, 0, 0, 
127, 126, pr: 128 , 10.2715, 66.4733, 0.758225, 10.8485, 66.8197, 1.13139, 0.769553, 295591, 0.0185342, 0, 0, 
128, 127, pr: 129 pr: 133 , 10.8485, 66.8197, 1.13139, 11.2011, 67.2889, 1.62915, 0.76955, 295591, 0.0185342, 0, 0, 
129, 128, pr: 130 pr: 131 , 11.2011, 67.2889, 1.62915, 11.133, 67.6296, 1.9697, 0.486513, 48651.3, 0.00829952, 0, 0, 
130, 129, NO CHILDREN, 11.133, 67.6296, 1.9697, 11.0944, 68.0757, 2.07112, 0.459116, 45911.5, 0.00167878, 0, 0, 
131, 129, pr: 132 , 11.133, 67.6296, 1.9697, 11.1849, 67.8864, 2.66126, 0.739516, 146946, 0.00333636, 0, 0, 
132, 131, NO CHILDREN, 11.1849, 67.8864, 2.66126, 11.0881, 68.0671, 3.37181, 0.739518, 146946, 0.00333636, 0, 0, 
133, 128, pr: 134 pr: 136 , 11.2011, 67.2889, 1.62915, 11.7692, 67.3766, 1.96344, 0.665035, 66503.6, 0.00733314, 0, 0, 
134, 133, pr: 135 , 11.7692, 67.3766, 1.96344, 12.2457, 67.6085, 2.60137, 0.829276, 164323, 0.00339824, 0, 0, 
135, 134, NO CHILDREN, 12.2457, 67.6085, 2.60137, 12.6652, 68.0457, 3.16747, 0.829276, 164323, 0.00339824, 0, 0, 
136, 133, NO CHILDREN, 11.7692, 67.3766, 1.96344, 12.1533, 67.6056, 2.03669, 0.453124, 45312.4, 0.00337871, 0, 0, 
137, 108, pr: 138 , 7.55077, 66.1867, -2.63243, 7.9831, 66.3204, -2.33856, 0.539595, 206069, 0.0212019, 0, 0, 
138, 137, pr: 139 , 7.9831, 66.3204, -2.33856, 8.43356, 66.4791, -2.08738, 0.539595, 206069, 0.0212019, 0, 0, 
139, 138, pr: 140 , 8.43356, 66.4791, -2.08738, 8.70067, 66.2572, -1.62536, 0.577957, 206069, 0.0212019, 0, 0, 
140, 139, pr: 141 pr: 150 , 8.70067, 66.2572, -1.62536, 8.94657, 66.4516, -1.13978, 0.577956, 206069, 0.0212019, 0, 0, 
141, 140, pr: 142 pr: 147 , 8.94657, 66.4516, -1.13978, 9.47957, 66.2962, -0.925143, 0.59523, 59523.1, 0.0179662, 0, 0, 
142, 141, pr: 143 , 9.47957, 66.2962, -0.925143, 10.0132, 66.1473, -1.0025, 0.559414, 109866, 0.00346308, 0, 0, 
143, 142, pr: 144 pr: 146 , 10.0132, 66.1473, -1.0025, 10.4653, 65.8178, -1.00591, 0.55942, 109866, 0.00346308, 0, 0, 
144, 143, pr: 145 , 10.4653, 65.8178, -1.00591, 10.9508, 65.7144, -0.741152, 0.562616, 111231, 0.00263491, 0, 0, 
145, 144, NO CHILDREN, 10.9508, 65.7144, -0.741152, 11.4173, 65.774, -0.432274, 0.562616, 111231, 0.00263491, 0, 0, 
146, 143, NO CHILDREN, 10.4653, 65.8178, -1.00591, 11.0994, 65.8406, -0.845869, 0.654373, 65437.2, 0.00348158, 0, 0, 
147, 141, pr: 148 pr: 149 , 9.47957, 66.2962, -0.925143, 10.0972, 65.5587, -0.926111, 0.961958, 96196.1, 0.00794068, 0, 0, 
148, 147, NO CHILDREN, 10.0972, 65.5587, -0.926111, 10.82, 65.2184, -1.07709, 0.813114, 81311.2, 0.00468268, 0, 0, 
149, 147, NO CHILDREN, 10.0972, 65.5587, -0.926111, 10.1632, 64.95, -0.968203, 0.613722, 61372.1, 0.00195764, 0, 0, 
150, 140, pr: 151 , 8.94657, 66.4516, -1.13978, 8.90352, 66.6706, -0.208316, 0.95784, 183443, 0.0128199, 0, 0, 
151, 150, pr: 152 pr: 157 , 8.90352, 66.6706, -0.208316, 9.28238, 67.176, 0.511742, 0.95784, 183443, 0.0128199, 0, 0, 
152, 151, pr: 153 pr: 155 , 9.28238, 67.176, 0.511742, 9.42761, 67.8851, 0.840492, 0.794971, 79497.3, 0.00631136, 0, 0, 
153, 152, pr: 154 , 9.42761, 67.8851, 0.840492, 9.49445, 68.2098, 1.27046, 0.542913, 107924, 0.00187742, 0, 0, 
154, 153, NO CHILDREN, 9.49445, 68.2098, 1.27046, 9.64886, 68.4582, 1.72785, 0.542909, 107924, 0.00187742, 0, 0, 
155, 152, pr: 156 , 9.42761, 67.8851, 0.840492, 9.35805, 68.4638, 1.19479, 0.682085, 130213, 0.00374842, 0, 0, 
156, 155, NO CHILDREN, 9.35805, 68.4638, 1.19479, 9.24597, 68.7342, 1.81091, 0.682089, 130213, 0.00374842, 0, 0, 
157, 151, pr: 158 , 9.28238, 67.176, 0.511742, 9.37011, 67.6363, 0.750148, 0.525719, 105143, 0.00836127, 0, 0, 
158, 157, pr: 159 pr: 160 , 9.37011, 67.6363, 0.750148, 9.45686, 68.0959, 0.990169, 0.525708, 105143, 0.00836127, 0, 0, 
159, 158, NO CHILDREN, 9.45686, 68.0959, 0.990169, 9.90815, 68.5962, 1.59597, 0.906053, 90605.4, 0.0034181, 0, 0, 
160, 158, NO CHILDREN, 9.45686, 68.0959, 0.990169, 9.71122, 68.3945, 0.971015, 0.392687, 39268.4, 0.00240219, 0, 0, 
161, 31, pr: 162 , -0.830735, 69.0856, -4.47888, -1.08751, 68.5482, -4.61805, 0.611649, 463594, 0.0980606, 0, 0, 
162, 161, pr: 163 , -1.08751, 68.5482, -4.61805, -1.21407, 68.032, -4.92077, 0.611645, 463594, 0.0980606, 0, 0, 
163, 162, pr: 164 , -1.21407, 68.032, -4.92077, -1.21641, 67.4468, -5.0646, 0.602605, 463594, 0.0980606, 0, 0, 
164, 163, pr: 165 , -1.21641, 67.4468, -5.0646, -1.22875, 66.8591, -5.19735, 0.602602, 463594, 0.0980606, 0, 0, 
165, 164, pr: 166 , -1.22875, 66.8591, -5.19735, -0.967709, 66.3192, -5.32024, 0.612194, 463594, 0.0980606, 0, 0, 
166, 165, pr: 167 , -0.967709, 66.3192, -5.32024, -0.981698, 65.7101, -5.37985, 0.612193, 463594, 0.0980606, 0, 0, 
167, 166, pr: 168 , -0.981698, 65.7101, -5.37985, -0.869181, 65.1124, -5.42227, 0.6097, 463594, 0.0980606, 0, 0, 
168, 167, pr: 169 pr: 234 , -0.869181, 65.1124, -5.42227, -0.636495, 64.6132, -5.68387, 0.609691, 463594, 0.0980606, 0, 0, 
169, 168, pr: 170 , -0.636495, 64.6132, -5.68387, -0.333149, 64.0405, -5.534, 0.665163, 257885, 0.0479627, 0, 0, 
170, 169, pr: 171 , -0.333149, 64.0405, -5.534, 0.166598, 63.6021, -5.51165, 0.665167, 257885, 0.0479627, 0, 0, 
171, 170, pr: 172 , 0.166598, 63.6021, -5.51165, 0.433084, 63.0003, -5.6818, 0.679836, 257885, 0.0479627, 0, 0, 
172, 171, pr: 173 pr: 203 , 0.433084, 63.0003, -5.6818, 0.675096, 62.4038, -5.46314, 0.679835, 257885, 0.0479627, 0, 0, 
173, 172, pr: 174 , 0.675096, 62.4038, -5.46314, 1.09474, 62.1653, -5.10163, 0.603058, 226028, 0.0268838, 0, 0, 
174, 173, pr: 175 , 1.09474, 62.1653, -5.10163, 1.59501, 61.8362, -5.03003, 0.603057, 226028, 0.0268838, 0, 0, 
175, 174, pr: 176 , 1.59501, 61.8362, -5.03003, 1.79658, 61.4358, -4.65323, 0.585589, 226028, 0.0268838, 0, 0, 
176, 175, pr: 177 pr: 189 , 1.79658, 61.4358, -4.65323, 2.09187, 61.1171, -4.26067, 0.585589, 226028, 0.0268838, 0, 0, 
177, 176, pr: 178 , 2.09187, 61.1171, -4.26067, 2.54118, 61.1353, -3.77099, 0.664835, 245917, 0.016596, 0, 0, 
178, 177, pr: 179 , 2.54118, 61.1353, -3.77099, 2.83926, 61.4979, -3.30019, 0.664833, 245917, 0.016596, 0, 0, 
179, 178, pr: 180 , 2.83926, 61.4979, -3.30019, 3.31054, 61.3662, -2.88217, 0.643571, 245917, 0.016596, 0, 0, 
180, 179, pr: 181 pr: 184 , 3.31054, 61.3662, -2.88217, 3.87829, 61.3192, -2.58277, 0.643571, 245917, 0.016596, 0, 0, 
181, 180, pr: 182 pr: 183 , 3.87829, 61.3192, -2.58277, 4.01635, 61.2032, -2.09572, 0.519375, 51937.4, 0.00379557, 0, 0, 
182, 181, NO CHILDREN, 4.01635, 61.2032, -2.09572, 3.88571, 61.2353, -1.60039, 0.513267, 51326.7, 0.00374678, 0, 0, 
183, 181, NO CHILDREN, 4.01635, 61.2032, -2.09572, 3.75013, 61.0887, -1.24399, 0.899681, 89968.1, 0.00444615, 0, 0, 
184, 180, pr: 185 , 3.87829, 61.3192, -2.58277, 4.37778, 61.0889, -2.16956, 0.687953, 136792, 0.00897297, 0, 0, 
185, 184, pr: 186 pr: 188 , 4.37778, 61.0889, -2.16956, 4.76451, 60.8109, -1.67315, 0.687955, 136792, 0.00897297, 0, 0, 
186, 185, pr: 187 , 4.76451, 60.8109, -1.67315, 5.27146, 60.5585, -1.72363, 0.568534, 108967, 0.00346228, 0, 0, 
187, 186, NO CHILDREN, 5.27146, 60.5585, -1.72363, 5.8085, 60.5288, -1.53943, 0.568533, 108967, 0.00346228, 0, 0, 
188, 185, NO CHILDREN, 4.76451, 60.8109, -1.67315, 5.03679, 60.8546, -1.47084, 0.342018, 34201.8, 0.00439236, 0, 0, 
189, 176, pr: 190 pr: 196 , 2.09187, 61.1171, -4.26067, 2.11579, 60.9756, -3.94739, 0.344565, 34456.5, 0.01183, 0, 0, 
190, 189, pr: 191 , 2.11579, 60.9756, -3.94739, 1.79642, 60.8537, -3.21708, 0.806347, 154646, 0.00971032, 0, 0, 
191, 190, pr: 192 pr: 194 , 1.79642, 60.8537, -3.21708, 1.41945, 60.3427, -2.72019, 0.806346, 154646, 0.00971032, 0, 0, 
192, 191, pr: 193 , 1.41945, 60.3427, -2.72019, 0.859807, 60.09, -2.51448, 0.647601, 123904, 0.00400038, 0, 0, 
193, 192, NO CHILDREN, 0.859807, 60.09, -2.51448, 0.341178, 60.1695, -2.1349, 0.647601, 123904, 0.00400038, 0, 0, 
194, 191, pr: 195 , 1.41945, 60.3427, -2.72019, 0.582716, 60.2551, -2.36784, 0.912116, 172702, 0.00364817, 0, 0, 
195, 194, NO CHILDREN, 0.582716, 60.2551, -2.36784, 0.100366, 60.3969, -1.60679, 0.912116, 172702, 0.00364817, 0, 0, 
196, 189, pr: 197 , 2.11579, 60.9756, -3.94739, 1.62517, 60.6706, -3.41943, 0.782634, 287566, 0.00934069, 0, 0, 
197, 196, pr: 198 , 1.62517, 60.6706, -3.41943, 1.51013, 60.079, -2.92012, 0.782632, 287566, 0.00934069, 0, 0, 
198, 197, pr: 199 , 1.51013, 60.079, -2.92012, 1.35446, 59.4024, -2.64364, 0.74726, 287566, 0.00934069, 0, 0, 
199, 198, pr: 200 pr: 202 , 1.35446, 59.4024, -2.64364, 1.26851, 58.6978, -2.41018, 0.747263, 287566, 0.00934069, 0, 0, 
200, 199, pr: 201 , 1.26851, 58.6978, -2.41018, 1.44116, 58.5178, -1.95415, 0.519784, 100429, 0.0039384, 0, 0, 
201, 200, NO CHILDREN, 1.44116, 58.5178, -1.95415, 1.49058, 58.1287, -1.61306, 0.519783, 100429, 0.0039384, 0, 0, 
202, 199, NO CHILDREN, 1.26851, 58.6978, -2.41018, 1.47565, 58.2694, -2.15369, 0.540588, 54058.6, 0.00231029, 0, 0, 
203, 172, pr: 204 , 0.675096, 62.4038, -5.46314, 0.769929, 61.8248, -6.03455, 0.818982, 304632, 0.028727, 0, 0, 
204, 203, pr: 205 , 0.769929, 61.8248, -6.03455, 0.721529, 61.4153, -6.74217, 0.818984, 304632, 0.028727, 0, 0, 
205, 204, pr: 206 , 0.721529, 61.4153, -6.74217, 1.05797, 60.6965, -6.99862, 0.83406, 304632, 0.028727, 0, 0, 
206, 205, pr: 207 pr: 220 , 1.05797, 60.6965, -6.99862, 1.02194, 59.8724, -7.12203, 0.834061, 304632, 0.028727, 0, 0, 
207, 206, pr: 208 pr: 213 , 1.02194, 59.8724, -7.12203, 0.922968, 59.2052, -7.18609, 0.677564, 67756.8, 0.0164892, 0, 0, 
208, 207, pr: 209 , 0.922968, 59.2052, -7.18609, 0.57577, 58.6022, -7.4688, 0.75101, 146833, 0.00843057, 0, 0, 
209, 208, pr: 210 pr: 212 , 0.57577, 58.6022, -7.4688, 0.0503752, 58.0665, -7.49888, 0.751015, 146833, 0.00843057, 0, 0, 
210, 209, pr: 211 , 0.0503752, 58.0665, -7.49888, 0.29997, 57.2826, -7.46716, 0.823282, 156689, 0.00420589, 0, 0, 
211, 210, NO CHILDREN, 0.29997, 57.2826, -7.46716, 0.109175, 56.5117, -7.68426, 0.823282, 156689, 0.00420589, 0, 0, 
212, 209, NO CHILDREN, 0.0503752, 58.0665, -7.49888, -0.679878, 57.7055, -7.85024, 0.887142, 88714.2, 0.00351172, 0, 0, 
213, 207, pr: 214 , 0.922968, 59.2052, -7.18609, 0.400011, 58.7449, -7.23929, 0.698677, 271040, 0.00876845, 0, 0, 
214, 213, pr: 215 , 0.400011, 58.7449, -7.23929, 0.12498, 58.1407, -7.45693, 0.698674, 271040, 0.00876845, 0, 0, 
215, 214, pr: 216 , 0.12498, 58.1407, -7.45693, -0.407506, 57.7145, -7.53314, 0.686251, 271040, 0.00876845, 0, 0, 
216, 215, pr: 217 pr: 218 , -0.407506, 57.7145, -7.53314, -0.800111, 57.1776, -7.70188, 0.686249, 271040, 0.00876845, 0, 0, 
217, 216, NO CHILDREN, -0.800111, 57.1776, -7.70188, -1.42173, 57.0437, -8.15365, 0.780024, 78002.5, 0.00383749, 0, 0, 
218, 216, pr: 219 , -0.800111, 57.1776, -7.70188, -0.886567, 56.5868, -8.12763, 0.733301, 143954, 0.00533936, 0, 0, 
219, 218, NO CHILDREN, -0.886567, 56.5868, -8.12763, -1.07812, 55.903, -8.31061, 0.733295, 143954, 0.00533936, 0, 0, 
220, 206, pr: 221 , 1.02194, 59.8724, -7.12203, 1.56226, 59.0532, -7.11895, 0.981405, 192025, 0.0144402, 0, 0, 
221, 220, pr: 222 pr: 227 , 1.56226, 59.0532, -7.11895, 1.74568, 58.0988, -7.25597, 0.981403, 192025, 0.0144402, 0, 0, 
222, 221, pr: 223 pr: 225 , 1.74568, 58.0988, -7.25597, 1.90223, 57.2563, -6.79283, 0.974064, 97406.5, 0.00886141, 0, 0, 
223, 222, pr: 224 , 1.90223, 57.2563, -6.79283, 1.74357, 56.7192, -6.30265, 0.744287, 146667, 0.00418245, 0, 0, 
224, 223, NO CHILDREN, 1.74357, 56.7192, -6.30265, 1.50253, 56.3849, -5.68287, 0.74429, 146667, 0.00418245, 0, 0, 
225, 222, pr: 226 , 1.90223, 57.2563, -6.79283, 2.36653, 56.704, -6.42691, 0.809025, 155271, 0.00362783, 0, 0, 
226, 225, NO CHILDREN, 2.36653, 56.704, -6.42691, 2.69298, 55.9642, -6.45215, 0.809023, 155271, 0.00362783, 0, 0, 
227, 221, pr: 228 , 1.74568, 58.0988, -7.25597, 1.95568, 57.5822, -6.99085, 0.617512, 235135, 0.00971386, 0, 0, 
228, 227, pr: 229 , 1.95568, 57.5822, -6.99085, 2.22249, 57.2684, -6.53077, 0.617513, 235135, 0.00971386, 0, 0, 
229, 228, pr: 230 , 2.22249, 57.2684, -6.53077, 2.74267, 56.9948, -6.3452, 0.616344, 235135, 0.00971386, 0, 0, 
230, 229, pr: 231 pr: 232 , 2.74267, 56.9948, -6.3452, 3.09728, 56.6959, -5.93929, 0.616343, 235135, 0.00971386, 0, 0, 
231, 230, NO CHILDREN, 3.09728, 56.6959, -5.93929, 3.0548, 56.0827, -5.58597, 0.708933, 70893.5, 0.00297032, 0, 0, 
232, 230, pr: 233 , 3.09728, 56.6959, -5.93929, 3.5455, 56.662, -5.68167, 0.518093, 102235, 0.00267623, 0, 0, 
233, 232, NO CHILDREN, 3.5455, 56.662, -5.68167, 3.90811, 56.7271, -5.31737, 0.518093, 102235, 0.00267623, 0, 0, 
234, 168, pr: 235 , -0.636495, 64.6132, -5.68387, -0.246581, 63.7335, -5.6504, 0.962863, 363644, 0.0587074, 0, 0, 
235, 234, pr: 236 , -0.246581, 63.7335, -5.6504, -0.059331, 62.829, -5.9224, 0.962864, 363644, 0.0587074, 0, 0, 
236, 235, pr: 237 , -0.059331, 62.829, -5.9224, 0.71306, 62.2756, -6.11931, 0.970383, 363644, 0.0587074, 0, 0, 
237, 236, pr: 238 pr: 271 , 0.71306, 62.2756, -6.11931, 1.36479, 61.5859, -5.9162, 0.970384, 363644, 0.0587074, 0, 0, 
238, 237, pr: 239 , 1.36479, 61.5859, -5.9162, 1.34826, 61.1033, -6.25675, 0.590894, 420006, 0.0379833, 0, 0, 
239, 238, pr: 240 , 1.34826, 61.1033, -6.25675, 1.40224, 60.5193, -6.18493, 0.590896, 420006, 0.0379833, 0, 0, 
240, 239, pr: 241 , 1.40224, 60.5193, -6.18493, 1.59612, 59.9678, -6.1843, 0.584599, 420006, 0.0379833, 0, 0, 
241, 240, pr: 242 , 1.59612, 59.9678, -6.1843, 1.91093, 59.5995, -6.5115, 0.5846, 420006, 0.0379833, 0, 0, 
242, 241, pr: 243 , 1.91093, 59.5995, -6.5115, 1.86723, 59.0243, -6.4882, 0.577324, 420006, 0.0379833, 0, 0, 
243, 242, pr: 244 , 1.86723, 59.0243, -6.4882, 2.00901, 58.5562, -6.18153, 0.577323, 420006, 0.0379833, 0, 0, 
244, 243, pr: 245 , 2.00901, 58.5562, -6.18153, 2.07696, 58.0013, -6.14982, 0.559974, 420006, 0.0379833, 0, 0, 
245, 244, pr: 246 pr: 262 , 2.07696, 58.0013, -6.14982, 2.09946, 57.4713, -6.32918, 0.559982, 420006, 0.0379833, 0, 0, 
246, 245, pr: 247 pr: 254 , 2.09946, 57.4713, -6.32918, 1.97356, 56.7029, -5.96954, 0.857674, 85767.3, 0.0133379, 0, 0, 
247, 246, pr: 248 , 1.97356, 56.7029, -5.96954, 1.47772, 56.4629, -5.64451, 0.639605, 237572, 0.0115627, 0, 0, 
248, 247, pr: 249 , 1.47772, 56.4629, -5.64451, 1.08302, 55.9601, -5.66683, 0.639602, 237572, 0.0115627, 0, 0, 
249, 248, pr: 250 , 1.08302, 55.9601, -5.66683, 0.799402, 55.4478, -5.52241, 0.603131, 237572, 0.0115627, 0, 0, 
250, 249, pr: 251 pr: 252 , 0.799402, 55.4478, -5.52241, 0.434971, 55.0187, -5.30599, 0.603133, 237572, 0.0115627, 0, 0, 
251, 250, NO CHILDREN, 0.434971, 55.0187, -5.30599, 0.325728, 54.3955, -5.04775, 0.683347, 68334.9, 0.0038358, 0, 0, 
252, 250, pr: 253 , 0.434971, 55.0187, -5.30599, -0.290743, 54.768, -5.40491, 0.774144, 149158, 0.00568715, 0, 0, 
253, 252, NO CHILDREN, -0.290743, 54.768, -5.40491, -0.777857, 54.1781, -5.52332, 0.774142, 149158, 0.00568715, 0, 0, 
254, 246, pr: 255 , 1.97356, 56.7029, -5.96954, 1.77735, 56.4411, -5.49551, 0.575946, 206200, 0.0070928, 0, 0, 
255, 254, pr: 256 , 1.77735, 56.4411, -5.49551, 1.97436, 56.0924, -5.08167, 0.575944, 206200, 0.0070928, 0, 0, 
256, 255, pr: 257 , 1.97436, 56.0924, -5.08167, 1.67147, 56.0616, -4.62615, 0.547897, 206200, 0.0070928, 0, 0, 
257, 256, pr: 258 pr: 260 , 1.67147, 56.0616, -4.62615, 1.50854, 55.8948, -4.13036, 0.547896, 206200, 0.0070928, 0, 0, 
258, 257, pr: 259 , 1.50854, 55.8948, -4.13036, 1.73227, 55.2673, -3.76093, 0.761763, 147326, 0.0036934, 0, 0, 
259, 258, NO CHILDREN, 1.73227, 55.2673, -3.76093, 1.57009, 54.6069, -3.41749, 0.761769, 147326, 0.0036934, 0, 0, 
260, 257, pr: 261 , 1.50854, 55.8948, -4.13036, 1.35188, 55.466, -3.66541, 0.651561, 124364, 0.00565297, 0, 0, 
261, 260, NO CHILDREN, 1.35188, 55.466, -3.66541, 0.989635, 54.945, -3.51777, 0.651557, 124364, 0.00565297, 0, 0, 
262, 245, pr: 263 pr: 267 , 2.09946, 57.4713, -6.32918, 1.93614, 56.7226, -6.03591, 0.820495, 82049.6, 0.0186112, 0, 0, 
263, 262, pr: 264 , 1.93614, 56.7226, -6.03591, 2.13534, 55.9818, -5.80652, 0.800616, 156680, 0.0123293, 0, 0, 
264, 263, pr: 265 pr: 266 , 2.13534, 55.9818, -5.80652, 2.58924, 55.3233, -5.77061, 0.800616, 156680, 0.0123293, 0, 0, 
265, 264, NO CHILDREN, 2.58924, 55.3233, -5.77061, 2.39816, 54.4068, -5.60895, 0.95011, 95010.9, 0.00592171, 0, 0, 
266, 264, NO CHILDREN, 2.58924, 55.3233, -5.77061, 2.632, 55.0738, -5.82072, 0.25806, 25805.7, 0.00398471, 0, 0, 
267, 262, pr: 268 , 1.93614, 56.7226, -6.03591, 2.04341, 56.1363, -5.98422, 0.598228, 116730, 0.00801671, 0, 0, 
268, 267, pr: 269 pr: 270 , 2.04341, 56.1363, -5.98422, 1.98356, 55.5604, -6.1347, 0.598224, 116730, 0.00801671, 0, 0, 
269, 268, NO CHILDREN, 1.98356, 55.5604, -6.1347, 1.85228, 54.8108, -5.57236, 0.946254, 94625.7, 0.00373056, 0, 0, 
270, 268, NO CHILDREN, 1.98356, 55.5604, -6.1347, 2.01824, 55.1375, -6.37559, 0.487921, 48791.9, 0.00515496, 0, 0, 
271, 237, pr: 272 , 1.36479, 61.5859, -5.9162, 1.8056, 60.8478, -6.40527, 0.989084, 371721, 0.03536, 0, 0, 
272, 271, pr: 273 , 1.8056, 60.8478, -6.40527, 2.15655, 59.9705, -6.69758, 0.989084, 371721, 0.03536, 0, 0, 
273, 272, pr: 274 , 2.15655, 59.9705, -6.69758, 2.11497, 59.4985, -7.56314, 0.986781, 371721, 0.03536, 0, 0, 
274, 273, pr: 275 pr: 287 , 2.11497, 59.4985, -7.56314, 2.24874, 58.9203, -8.35153, 0.986781, 371721, 0.03536, 0, 0, 
275, 274, pr: 276 , 2.24874, 58.9203, -8.35153, 2.68805, 58.3177, -8.49123, 0.758688, 151682, 0.012414, 0, 0, 
276, 275, pr: 277 pr: 282 , 2.68805, 58.3177, -8.49123, 3.10071, 57.6922, -8.60958, 0.758693, 151682, 0.012414, 0, 0, 
277, 276, pr: 278 , 3.10071, 57.6922, -8.60958, 3.83906, 57.648, -8.75182, 0.753222, 143991, 0.00875257, 0, 0, 
278, 277, pr: 279 pr: 281 , 3.83906, 57.648, -8.75182, 4.47797, 57.2721, -8.61824, 0.753223, 143991, 0.00875257, 0, 0, 
279, 278, pr: 280 , 4.47797, 57.2721, -8.61824, 4.91109, 56.9925, -8.47215, 0.535864, 104864, 0.00498077, 0, 0, 
280, 279, NO CHILDREN, 4.91109, 56.9925, -8.47215, 5.2391, 56.7383, -8.13305, 0.535865, 104864, 0.00498077, 0, 0, 
281, 278, NO CHILDREN, 4.47797, 57.2721, -8.61824, 4.80545, 56.8011, -8.33582, 0.639413, 63941.4, 0.00460129, 0, 0, 
282, 276, pr: 283 , 3.10071, 57.6922, -8.60958, 3.18129, 57.0663, -8.76155, 0.649091, 128991, 0.00954913, 0, 0, 
283, 282, pr: 284 pr: 285 , 3.18129, 57.0663, -8.76155, 3.1167, 56.4434, -8.93235, 0.649097, 128991, 0.00954913, 0, 0, 
284, 283, NO CHILDREN, 3.1167, 56.4434, -8.93235, 2.89605, 56.1107, -9.07231, 0.42303, 42303.1, 0.00570019, 0, 0, 
285, 283, pr: 286 , 3.1167, 56.4434, -8.93235, 3.28658, 55.8763, -8.70653, 0.633556, 124876, 0.0040367, 0, 0, 
286, 285, NO CHILDREN, 3.28658, 55.8763, -8.70653, 3.57283, 55.3129, -8.66131, 0.633559, 124876, 0.0040367, 0, 0, 
287, 274, pr: 288 , 2.24874, 58.9203, -8.35153, 2.19258, 58.3691, -8.4219, 0.558502, 221518, 0.0198391, 0, 0, 
288, 287, pr: 289 , 2.19258, 58.3691, -8.4219, 2.19538, 57.8122, -8.37896, 0.558507, 221518, 0.0198391, 0, 0, 
289, 288, pr: 290 , 2.19538, 57.8122, -8.37896, 1.88344, 57.3121, -8.55691, 0.61574, 221518, 0.0198391, 0, 0, 
290, 289, pr: 291 pr: 295 , 1.88344, 57.3121, -8.55691, 2.03845, 56.7196, -8.49277, 0.61574, 221518, 0.0198391, 0, 0, 
291, 290, pr: 292 , 2.03845, 56.7196, -8.49277, 2.35039, 56.2292, -8.43401, 0.584186, 111942, 0.0081037, 0, 0, 
292, 291, pr: 293 pr: 294 , 2.35039, 56.2292, -8.43401, 2.55326, 55.7457, -8.69153, 0.584182, 111942, 0.0081037, 0, 0, 
293, 292, NO CHILDREN, 2.55326, 55.7457, -8.69153, 2.72972, 55.0234, -8.42515, 0.789846, 78984.6, 0.00415635, 0, 0, 
294, 292, NO CHILDREN, 2.55326, 55.7457, -8.69153, 3.18165, 55.131, -8.2622, 0.978285, 97828.4, 0.00415772, 0, 0, 
295, 290, pr: 296 , 2.03845, 56.7196, -8.49277, 1.86909, 56.0248, -8.68253, 0.739906, 142257, 0.00881105, 0, 0, 
296, 295, pr: 297 pr: 298 , 1.86909, 56.0248, -8.68253, 1.63689, 55.5559, -9.20568, 0.739909, 142257, 0.00881105, 0, 0, 
297, 296, NO CHILDREN, 1.63689, 55.5559, -9.20568, 1.81882, 54.8176, -9.4086, 0.786986, 78698.6, 0.00413395, 0, 0, 
298, 296, pr: 299 , 1.63689, 55.5559, -9.20568, 1.33924, 55.471, -9.71086, 0.592455, 116457, 0.00536582, 0, 0, 
299, 298, NO CHILDREN, 1.33924, 55.471, -9.71086, 0.879832, 55.3671, -10.0702, 0.592456, 116457, 0.00536582, 0, 0, 
300, 23, pr: 301 , -5.18806, 74.8393, -1.47389, -5.32051, 74.255, -1.4046, 0.603062, 450200, 0.193364, 0, 0, 
301, 300, pr: 302 , -5.32051, 74.255, -1.4046, -5.41445, 73.6726, -1.27974, 0.60306, 450200, 0.193364, 0, 0, 
302, 301, pr: 303 , -5.41445, 73.6726, -1.27974, -5.51941, 73.2304, -0.876237, 0.607742, 450200, 0.193364, 0, 0, 
303, 302, pr: 304 , -5.51941, 73.2304, -0.876237, -5.77813, 72.8475, -0.48153, 0.607742, 450200, 0.193364, 0, 0, 
304, 303, pr: 305 , -5.77813, 72.8475, -0.48153, -5.65428, 72.2941, -0.34911, 0.582313, 450200, 0.193364, 0, 0, 
305, 304, pr: 306 , -5.65428, 72.2941, -0.34911, -5.4794, 71.7698, -0.165622, 0.582318, 450200, 0.193364, 0, 0, 
306, 305, pr: 307 , -5.4794, 71.7698, -0.165622, -5.61136, 71.1924, -0.0792115, 0.598581, 450200, 0.193364, 0, 0, 
307, 306, pr: 308 pr: 422 , -5.61136, 71.1924, -0.0792115, -5.49593, 70.6516, 0.149879, 0.598588, 450200, 0.193364, 0, 0, 
308, 307, pr: 309 , -5.49593, 70.6516, 0.149879, -6.10088, 70.3786, 0.355131, 0.694687, 498420, 0.116537, 0, 0, 
309, 308, pr: 310 , -6.10088, 70.3786, 0.355131, -6.40474, 69.8646, 0.71009, 0.694689, 498420, 0.116537, 0, 0, 
310, 309, pr: 311 , -6.40474, 69.8646, 0.71009, -6.77687, 69.4899, 1.13401, 0.677157, 498420, 0.116537, 0, 0, 
311, 310, pr: 312 , -6.77687, 69.4899, 1.13401, -6.96859, 68.9313, 1.46523, 0.677156, 498420, 0.116537, 0, 0, 
312, 311, pr: 313 , -6.96859, 68.9313, 1.46523, -6.97724, 68.4032, 1.89332, 0.679889, 498420, 0.116537, 0, 0, 
313, 312, pr: 314 , -6.97724, 68.4032, 1.89332, -6.80682, 67.9603, 2.38017, 0.679895, 498420, 0.116537, 0, 0, 
314, 313, pr: 315 , -6.80682, 67.9603, 2.38017, -6.8754, 67.5259, 2.91154, 0.689713, 498420, 0.116537, 0, 0, 
315, 314, pr: 316 pr: 368 , -6.8754, 67.5259, 2.91154, -7.04143, 67.3621, 3.56063, 0.689709, 498420, 0.116537, 0, 0, 
316, 315, pr: 317 , -7.04143, 67.3621, 3.56063, -7.1502, 66.9979, 4.3931, 0.91517, 355966, 0.0548488, 0, 0, 
317, 316, pr: 318 , -7.1502, 66.9979, 4.3931, -7.24559, 66.6433, 5.23136, 0.915167, 355966, 0.0548488, 0, 0, 
318, 317, pr: 319 , -7.24559, 66.6433, 5.23136, -7.54815, 66.662, 6.09915, 0.91921, 355966, 0.0548488, 0, 0, 
319, 318, pr: 320 pr: 342 , -7.54815, 66.662, 6.09915, -7.98421, 66.5896, 6.9051, 0.91921, 355966, 0.0548488, 0, 0, 
320, 319, pr: 321 , -7.98421, 66.5896, 6.9051, -8.07887, 65.961, 7.66297, 0.98914, 196340, 0.0257959, 0, 0, 
321, 320, pr: 322 pr: 331 , -8.07887, 65.961, 7.66297, -8.1017, 65.1699, 8.25626, 0.989145, 196340, 0.0257959, 0, 0, 
322, 321, pr: 323 , -8.1017, 65.1699, 8.25626, -7.7647, 64.7617, 8.33824, 0.535638, 105483, 0.0115171, 0, 0, 
323, 322, pr: 324 pr: 328 , -7.7647, 64.7617, 8.33824, -7.5568, 64.3158, 8.55011, 0.535635, 105483, 0.0115171, 0, 0, 
324, 323, pr: 325 , -7.5568, 64.3158, 8.55011, -6.97942, 63.9752, 9.06028, 0.842406, 166176, 0.00767577, 0, 0, 
325, 324, pr: 326 pr: 327 , -6.97942, 63.9752, 9.06028, -6.63041, 63.5863, 9.72104, 0.842409, 166176, 0.00767577, 0, 0, 
326, 325, NO CHILDREN, -6.63041, 63.5863, 9.72104, -5.96282, 63.3046, 9.86986, 0.739731, 73973.2, 0.00345261, 0, 0, 
327, 325, NO CHILDREN, -6.63041, 63.5863, 9.72104, -6.08442, 63.2885, 9.79743, 0.626634, 62663.4, 0.0042917, 0, 0, 
328, 323, pr: 329 pr: 330 , -7.5568, 64.3158, 8.55011, -7.12004, 63.8108, 8.41886, 0.68044, 68044, 0.00654417, 0, 0, 
329, 328, NO CHILDREN, -7.12004, 63.8108, 8.41886, -6.76401, 63.6815, 8.43913, 0.379354, 37935.3, 0.00321478, 0, 0, 
330, 328, NO CHILDREN, -7.12004, 63.8108, 8.41886, -6.4279, 63.5324, 8.459, 0.747121, 74712.3, 0.00346467, 0, 0, 
331, 321, pr: 332 , -8.1017, 65.1699, 8.25626, -8.42209, 64.9819, 8.77812, 0.640559, 122885, 0.0125076, 0, 0, 
332, 331, pr: 333 pr: 337 , -8.42209, 64.9819, 8.77812, -8.47712, 65.0117, 9.41562, 0.640559, 122885, 0.0125076, 0, 0, 
333, 332, pr: 334 pr: 336 , -8.47712, 65.0117, 9.41562, -9.12532, 64.7892, 9.85032, 0.811539, 81153.8, 0.00625825, 0, 0, 
334, 333, pr: 335 , -9.12532, 64.7892, 9.85032, -9.33877, 64.5339, 10.2632, 0.530279, 105099, 0.00237223, 0, 0, 
335, 334, NO CHILDREN, -9.33877, 64.5339, 10.2632, -9.55548, 64.1709, 10.5832, 0.530279, 105099, 0.00237223, 0, 0, 
336, 333, NO CHILDREN, -9.12532, 64.7892, 9.85032, -9.44695, 64.4606, 10.6487, 0.921387, 92138.7, 0.00425824, 0, 0, 
337, 332, pr: 338 , -8.47712, 65.0117, 9.41562, -8.83671, 64.7909, 9.8781, 0.626063, 123448, 0.00611413, 0, 0, 
338, 337, pr: 339 pr: 341 , -8.83671, 64.7909, 9.8781, -9.33515, 64.567, 10.1837, 0.626064, 123448, 0.00611413, 0, 0, 
339, 338, pr: 340 , -9.33515, 64.567, 10.1837, -10.0259, 64.5925, 10.5195, 0.768458, 153186, 0.00380018, 0, 0, 
340, 339, NO CHILDREN, -10.0259, 64.5925, 10.5195, -10.7416, 64.7089, 10.7739, 0.768457, 153186, 0.00380018, 0, 0, 
341, 338, NO CHILDREN, -9.33515, 64.567, 10.1837, -10.0996, 64.1356, 10.2144, 0.878297, 87829.8, 0.00378888, 0, 0, 
342, 319, pr: 343 , -7.98421, 66.5896, 6.9051, -8.01179, 66.5929, 7.7794, 0.874746, 169076, 0.0228002, 0, 0, 
343, 342, pr: 344 pr: 355 , -8.01179, 66.5929, 7.7794, -7.77241, 66.9413, 8.54524, 0.874747, 169076, 0.0228002, 0, 0, 
344, 343, pr: 345 pr: 351 , -7.77241, 66.9413, 8.54524, -7.7398, 67.5039, 9.02841, 0.742304, 74230.7, 0.0115309, 0, 0, 
345, 344, pr: 346 , -7.7398, 67.5039, 9.02841, -8.03606, 68.1197, 9.2741, 0.726229, 140702, 0.0067128, 0, 0, 
346, 345, pr: 347 pr: 349 , -8.03606, 68.1197, 9.2741, -8.05081, 68.8442, 9.32267, 0.726225, 140702, 0.0067128, 0, 0, 
347, 346, pr: 348 , -8.05081, 68.8442, 9.32267, -8.39751, 69.2752, 9.2335, 0.560288, 112033, 0.00395446, 0, 0, 
348, 347, NO CHILDREN, -8.39751, 69.2752, 9.2335, -8.75339, 69.6944, 9.12613, 0.56029, 112033, 0.00395446, 0, 0, 
349, 346, pr: 350 , -8.05081, 68.8442, 9.32267, -8.21636, 69.1936, 8.98014, 0.516553, 101894, 0.00404151, 0, 0, 
350, 349, NO CHILDREN, -8.21636, 69.1936, 8.98014, -8.32788, 69.6478, 8.76078, 0.516551, 101894, 0.00404151, 0, 0, 
351, 344, pr: 352 pr: 353 , -7.7398, 67.5039, 9.02841, -7.28963, 67.8941, 9.38054, 0.692052, 69204.9, 0.0080037, 0, 0, 
352, 351, NO CHILDREN, -7.28963, 67.8941, 9.38054, -6.69004, 68.0485, 9.3897, 0.619208, 61920.5, 0.00363064, 0, 0, 
353, 351, pr: 354 , -7.28963, 67.8941, 9.38054, -6.87361, 68.4638, 9.43072, 0.707205, 134353, 0.00357496, 0, 0, 
354, 353, NO CHILDREN, -6.87361, 68.4638, 9.43072, -6.83452, 69.1183, 9.69587, 0.707202, 134353, 0.00357496, 0, 0, 
355, 343, pr: 356 , -7.77241, 66.9413, 8.54524, -8.13941, 67.2747, 9.00916, 0.67904, 131778, 0.0143304, 0, 0, 
356, 355, pr: 357 pr: 363 , -8.13941, 67.2747, 9.00916, -8.50912, 67.2971, 9.57829, 0.679039, 131778, 0.0143304, 0, 0, 
357, 356, pr: 358 , -8.50912, 67.2971, 9.57829, -8.49257, 67.6019, 10.0625, 0.572357, 215162, 0.00566214, 0, 0, 
358, 357, pr: 359 , -8.49257, 67.6019, 10.0625, -8.61855, 68.022, 10.4302, 0.572356, 215162, 0.00566214, 0, 0, 
359, 358, pr: 360 , -8.61855, 68.022, 10.4302, -8.45978, 68.0418, 10.9859, 0.578196, 215162, 0.00566214, 0, 0, 
360, 359, pr: 361 pr: 362 , -8.45978, 68.0418, 10.9859, -8.54698, 68.178, 11.541, 0.578195, 215162, 0.00566214, 0, 0, 
361, 360, NO CHILDREN, -8.54698, 68.178, 11.541, -9.00302, 68.4558, 12.297, 0.925607, 92560.4, 0.00275083, 0, 0, 
362, 360, NO CHILDREN, -8.54698, 68.178, 11.541, -8.45066, 67.9381, 12.2729, 0.77629, 77629.1, 0.00293886, 0, 0, 
363, 356, pr: 364 , -8.50912, 67.2971, 9.57829, -8.4382, 67.4045, 10.2792, 0.712637, 141285, 0.00742256, 0, 0, 
364, 363, pr: 365 pr: 366 , -8.4382, 67.4045, 10.2792, -8.46854, 67.354, 10.9894, 0.712636, 141285, 0.00742256, 0, 0, 
365, 364, NO CHILDREN, -8.46854, 67.354, 10.9894, -8.89444, 67.22, 11.7056, 0.843992, 84399.3, 0.00314377, 0, 0, 
366, 364, pr: 367 , -8.46854, 67.354, 10.9894, -8.88374, 67.3508, 11.5398, 0.689421, 134481, 0.00297876, 0, 0, 
367, 366, NO CHILDREN, -8.88374, 67.3508, 11.5398, -9.04794, 67.2105, 12.1945, 0.689422, 134481, 0.00297876, 0, 0, 
368, 315, pr: 369 , -7.04143, 67.3621, 3.56063, -7.81306, 67.119, 3.72133, 0.824847, 318813, 0.0479318, 0, 0, 
369, 368, pr: 370 , -7.81306, 67.119, 3.72133, -8.58338, 66.8668, 3.56851, 0.824849, 318813, 0.0479318, 0, 0, 
370, 369, pr: 371 , -8.58338, 66.8668, 3.56851, -9.17904, 66.4538, 3.97481, 0.830916, 318813, 0.0479318, 0, 0, 
371, 370, pr: 372 pr: 400 , -9.17904, 66.4538, 3.97481, -9.95792, 66.1898, 4.09333, 0.830914, 318813, 0.0479318, 0, 0, 
372, 371, pr: 373 , -9.95792, 66.1898, 4.09333, -10.4888, 65.7882, 4.06572, 0.666188, 260276, 0.0246947, 0, 0, 
373, 372, pr: 374 , -10.4888, 65.7882, 4.06572, -10.8979, 65.2892, 4.23121, 0.666182, 260276, 0.0246947, 0, 0, 
374, 373, pr: 375 , -10.8979, 65.2892, 4.23121, -11.2703, 64.7547, 4.31144, 0.656357, 260276, 0.0246947, 0, 0, 
375, 374, pr: 376 pr: 388 , -11.2703, 64.7547, 4.31144, -11.6315, 64.2358, 4.4879, 0.656361, 260276, 0.0246947, 0, 0, 
376, 375, pr: 377 , -11.6315, 64.2358, 4.4879, -12.2084, 64.1558, 4.54166, 0.584948, 114293, 0.0152141, 0, 0, 
377, 376, pr: 378 pr: 383 , -12.2084, 64.1558, 4.54166, -12.7201, 63.8911, 4.44044, 0.584948, 114293, 0.0152141, 0, 0, 
378, 377, pr: 379 , -12.7201, 63.8911, 4.44044, -13.2347, 63.8821, 4.136, 0.597985, 118661, 0.00617534, 0, 0, 
379, 378, pr: 380 pr: 381 , -13.2347, 63.8821, 4.136, -13.7335, 64.0214, 3.83693, 0.597984, 118661, 0.00617534, 0, 0, 
380, 379, NO CHILDREN, -13.7335, 64.0214, 3.83693, -14.1066, 63.91, 3.09817, 0.835111, 83511.1, 0.00246406, 0, 0, 
381, 379, pr: 382 , -13.7335, 64.0214, 3.83693, -14.2385, 64.2139, 3.73104, 0.550767, 106179, 0.00400047, 0, 0, 
382, 381, NO CHILDREN, -14.2385, 64.2139, 3.73104, -14.5915, 64.6367, 3.72435, 0.550769, 106179, 0.00400047, 0, 0, 
383, 377, pr: 384 , -12.7201, 63.8911, 4.44044, -13.4673, 63.894, 4.2221, 0.778418, 154592, 0.00532558, 0, 0, 
384, 383, pr: 385 pr: 386 , -13.4673, 63.894, 4.2221, -14.1435, 63.9379, 3.83903, 0.778417, 154592, 0.00532558, 0, 0, 
385, 384, NO CHILDREN, -14.1435, 63.9379, 3.83903, -14.1043, 63.9163, 3.88888, 0.0669907, -6699.04, 0.00405385, 0, 0, 
386, 384, pr: 387 , -14.1435, 63.9379, 3.83903, -14.5659, 64.1391, 3.52728, 0.562203, 109869, 0.00424275, 0, 0, 
387, 386, NO CHILDREN, -14.5659, 64.1391, 3.52728, -14.8078, 64.3342, 3.05881, 0.562202, 109869, 0.00424275, 0, 0, 
388, 375, pr: 389 , -11.6315, 64.2358, 4.4879, -11.7383, 63.512, 4.48076, 0.731688, 145873, 0.0118392, 0, 0, 
389, 388, pr: 390 pr: 395 , -11.7383, 63.512, 4.48076, -11.754, 62.7849, 4.40101, 0.73169, 145873, 0.0118392, 0, 0, 
390, 389, pr: 391 , -11.754, 62.7849, 4.40101, -12.0073, 61.9622, 4.60315, 0.884152, 175684, 0.00622431, 0, 0, 
391, 390, pr: 392 pr: 394 , -12.0073, 61.9622, 4.60315, -12.3507, 61.2301, 4.96056, 0.884155, 175684, 0.00622431, 0, 0, 
392, 391, pr: 393 , -12.3507, 61.2301, 4.96056, -12.7216, 60.8601, 5.3433, 0.648783, 120894, 0.0038362, 0, 0, 
393, 392, NO CHILDREN, -12.7216, 60.8601, 5.3433, -13.3357, 60.8545, 5.55235, 0.648783, 120894, 0.0038362, 0, 0, 
394, 391, NO CHILDREN, -12.3507, 61.2301, 4.96056, -12.5234, 60.8185, 5.59358, 0.774542, 77454.3, 0.00426054, 0, 0, 
395, 389, pr: 396 , -11.754, 62.7849, 4.40101, -12.2581, 62.3923, 4.06393, 0.722373, 141719, 0.00640569, 0, 0, 
396, 395, pr: 397 pr: 398 , -12.2581, 62.3923, 4.06393, -12.5394, 61.8299, 3.7085, 0.72237, 141719, 0.00640569, 0, 0, 
397, 396, NO CHILDREN, -12.5394, 61.8299, 3.7085, -12.775, 61.6372, 3.23328, 0.564339, 56433.9, 0.0030418, 0, 0, 
398, 396, pr: 399 , -12.5394, 61.8299, 3.7085, -12.9865, 61.4689, 3.64726, 0.577883, 110984, 0.0041337, 0, 0, 
399, 398, NO CHILDREN, -12.9865, 61.4689, 3.64726, -13.5349, 61.3446, 3.78043, 0.577885, 110984, 0.0041337, 0, 0, 
400, 371, pr: 401 pr: 412 , -9.95792, 66.1898, 4.09333, -10.0579, 66.1963, 4.16601, 0.123771, 12376.8, 0.0301734, 0, 0, 
401, 400, pr: 402 , -10.0579, 66.1963, 4.16601, -10.434, 66.6348, 4.32812, 0.600011, 116540, 0.0118303, 0, 0, 
402, 401, pr: 403 pr: 408 , -10.434, 66.6348, 4.32812, -10.9811, 66.8468, 4.45364, 0.600007, 116540, 0.0118303, 0, 0, 
403, 402, pr: 404 pr: 406 , -10.9811, 66.8468, 4.45364, -11.6836, 66.7656, 4.68983, 0.745603, 74560.5, 0.00684284, 0, 0, 
404, 403, pr: 405 , -11.6836, 66.7656, 4.68983, -12.2044, 66.4018, 4.69268, 0.635253, 126554, 0.0039196, 0, 0, 
405, 404, NO CHILDREN, -12.2044, 66.4018, 4.69268, -12.7477, 66.0869, 4.597, 0.635253, 126554, 0.0039196, 0, 0, 
406, 403, pr: 407 , -11.6836, 66.7656, 4.68983, -12.22, 66.4798, 4.69338, 0.607757, 120161, 0.00300005, 0, 0, 
407, 406, NO CHILDREN, -12.22, 66.4798, 4.69338, -12.6505, 66.0535, 4.64523, 0.607759, 120161, 0.00300005, 0, 0, 
408, 402, pr: 409 pr: 410 , -10.9811, 66.8468, 4.45364, -11.6276, 67.1054, 5.07724, 0.934731, 93473.3, 0.00483104, 0, 0, 
409, 408, NO CHILDREN, -11.6276, 67.1054, 5.07724, -11.9809, 66.9217, 5.82674, 0.848734, 84873.5, 0.00335484, 0, 0, 
410, 408, pr: 411 , -11.6276, 67.1054, 5.07724, -11.9482, 67.0647, 5.48953, 0.523859, 100053, 0.00328182, 0, 0, 
411, 410, NO CHILDREN, -11.9482, 67.0647, 5.48953, -12.0764, 66.78, 5.91012, 0.52386, 100053, 0.00328182, 0, 0, 
412, 400, pr: 413 , -10.0579, 66.1963, 4.16601, -10.9054, 66.0417, 4.13123, 0.862178, 170626, 0.0151035, 0, 0, 
413, 412, pr: 414 pr: 418 , -10.9054, 66.0417, 4.13123, -11.6996, 65.7506, 4.2979, 0.862173, 170626, 0.0151035, 0, 0, 
414, 413, pr: 415 pr: 417 , -11.6996, 65.7506, 4.2979, -12.3368, 65.257, 3.90771, 0.895507, 89551, 0.00673186, 0, 0, 
415, 414, pr: 416 , -12.3368, 65.257, 3.90771, -12.9761, 65.1323, 3.25662, 0.920983, 181997, 0.00361504, 0, 0, 
416, 415, NO CHILDREN, -12.9761, 65.1323, 3.25662, -13.39, 65.0489, 2.43813, 0.920982, 181997, 0.00361504, 0, 0, 
417, 414, NO CHILDREN, -12.3368, 65.257, 3.90771, -12.3049, 65.354, 3.92791, 0.104088, -10408.7, 0.00418355, 0, 0, 
418, 413, pr: 419 , -11.6996, 65.7506, 4.2979, -12.2037, 65.3703, 4.15667, 0.647017, 124475, 0.00897631, 0, 0, 
419, 418, pr: 420 pr: 421 , -12.2037, 65.3703, 4.15667, -12.4838, 64.7888, 4.20136, 0.647025, 124475, 0.00897631, 0, 0, 
420, 419, NO CHILDREN, -12.4838, 64.7888, 4.20136, -12.6323, 64.3861, 3.8977, 0.525718, 52572.1, 0.00382038, 0, 0, 
421, 419, NO CHILDREN, -12.4838, 64.7888, 4.20136, -12.5259, 64.1647, 4.32787, 0.638185, 63818.6, 0.003593, 0, 0, 
422, 307, pr: 423 , -5.49593, 70.6516, 0.149879, -4.9675, 70.0133, -0.0577366, 0.854273, 640568, 0.118506, 0, 0, 
423, 422, pr: 424 , -4.9675, 70.0133, -0.0577366, -4.43381, 69.3853, -0.282803, 0.85428, 640568, 0.118506, 0, 0, 
424, 423, pr: 425 , -4.43381, 69.3853, -0.282803, -3.92417, 68.708, -0.395106, 0.855065, 640568, 0.118506, 0, 0, 
425, 424, pr: 426 , -3.92417, 68.708, -0.395106, -3.47489, 67.9946, -0.537701, 0.85507, 640568, 0.118506, 0, 0, 
426, 425, pr: 427 , -3.47489, 67.9946, -0.537701, -3.51918, 67.1003, -0.584862, 0.896662, 640568, 0.118506, 0, 0, 
427, 426, pr: 428 , -3.51918, 67.1003, -0.584862, -3.25004, 66.2646, -0.40272, 0.896658, 640568, 0.118506, 0, 0, 
428, 427, pr: 429 , -3.25004, 66.2646, -0.40272, -3.65454, 65.429, -0.373374, 0.928743, 640568, 0.118506, 0, 0, 
429, 428, pr: 430 pr: 495 , -3.65454, 65.429, -0.373374, -3.62131, 64.5985, -0.78775, 0.928744, 640568, 0.118506, 0, 0, 
430, 429, pr: 431 , -3.62131, 64.5985, -0.78775, -3.56141, 64.0481, -0.78475, 0.55368, 212012, 0.0446601, 0, 0, 
431, 430, pr: 432 , -3.56141, 64.0481, -0.78475, -3.52871, 63.4962, -0.75456, 0.553671, 212012, 0.0446601, 0, 0, 
432, 431, pr: 433 , -3.52871, 63.4962, -0.75456, -3.46824, 63.0609, -0.390595, 0.570613, 212012, 0.0446601, 0, 0, 
433, 432, pr: 434 pr: 460 , -3.46824, 63.0609, -0.390595, -3.65176, 62.5762, -0.15188, 0.570614, 212012, 0.0446601, 0, 0, 
434, 433, pr: 435 , -3.65176, 62.5762, -0.15188, -3.68581, 61.9122, -0.673881, 0.845372, 329803, 0.0330072, 0, 0, 
435, 434, pr: 436 , -3.68581, 61.9122, -0.673881, -3.66811, 61.1058, -0.927143, 0.845374, 329803, 0.0330072, 0, 0, 
436, 435, pr: 437 , -3.66811, 61.1058, -0.927143, -3.47199, 60.3256, -1.14576, 0.833674, 329803, 0.0330072, 0, 0, 
437, 436, pr: 438 pr: 450 , -3.47199, 60.3256, -1.14576, -3.39515, 59.5395, -1.41253, 0.833677, 329803, 0.0330072, 0, 0, 
438, 437, pr: 439 , -3.39515, 59.5395, -1.41253, -3.09343, 58.9963, -1.72505, 0.69549, 137309, 0.0166499, 0, 0, 
439, 438, pr: 440 pr: 444 , -3.09343, 58.9963, -1.72505, -2.68786, 58.6181, -2.14476, 0.695493, 137309, 0.0166499, 0, 0, 
440, 439, pr: 441 , -2.68786, 58.6181, -2.14476, -2.39879, 58.4592, -2.57839, 0.544835, 105264, 0.00515397, 0, 0, 
441, 440, pr: 442 pr: 443 , -2.39879, 58.4592, -2.57839, -2.36323, 58.3681, -3.11438, 0.544836, 105264, 0.00515397, 0, 0, 
442, 441, NO CHILDREN, -2.36323, 58.3681, -3.11438, -2.25648, 58.485, -3.48778, 0.405596, 40559.6, 0.00308068, 0, 0, 
443, 441, NO CHILDREN, -2.36323, 58.3681, -3.11438, -2.6022, 58.4812, -3.75776, 0.695584, 69558.4, 0.002967, 0, 0, 
444, 439, pr: 445 , -2.68786, 58.6181, -2.14476, -2.03139, 58.2693, -2.63822, 0.892256, 171821, 0.00908188, 0, 0, 
445, 444, pr: 446 pr: 448 , -2.03139, 58.2693, -2.63822, -1.36356, 58.3947, -3.21648, 0.892256, 171821, 0.00908188, 0, 0, 
446, 445, pr: 447 , -1.36356, 58.3947, -3.21648, -1.17286, 58.7525, -4.08038, 0.954306, 183073, 0.00488936, 0, 0, 
447, 446, NO CHILDREN, -1.17286, 58.7525, -4.08038, -0.530326, 58.8675, -4.77653, 0.954306, 183073, 0.00488936, 0, 0, 
448, 445, pr: 449 , -1.36356, 58.3947, -3.21648, -1.31661, 58.6178, -3.72455, 0.556872, 106521, 0.00397543, 0, 0, 
449, 448, NO CHILDREN, -1.31661, 58.6178, -3.72455, -0.985358, 58.6983, -4.1649, 0.556874, 106521, 0.00397543, 0, 0, 
450, 437, pr: 451 pr: 455 , -3.39515, 59.5395, -1.41253, -3.39664, 59.4516, -1.5201, 0.138886, 13888.5, 0.0160991, 0, 0, 
451, 450, pr: 452 pr: 454 , -3.39664, 59.4516, -1.5201, -3.4707, 58.8658, -1.7098, 0.620252, 62025.1, 0.00615478, 0, 0, 
452, 451, pr: 453 , -3.4707, 58.8658, -1.7098, -3.27951, 58.3505, -1.70035, 0.549652, 109922, 0.00272698, 0, 0, 
453, 452, NO CHILDREN, -3.27951, 58.3505, -1.70035, -3.09897, 57.8317, -1.6832, 0.54965, 109922, 0.00272698, 0, 0, 
454, 451, NO CHILDREN, -3.4707, 58.8658, -1.7098, -3.17663, 58.0427, -1.47265, 0.905671, 90567, 0.00390172, 0, 0, 
455, 450, pr: 456 , -3.39664, 59.4516, -1.5201, -3.11576, 58.9783, -1.91671, 0.678397, 133549, 0.00862244, 0, 0, 
456, 455, pr: 457 pr: 459 , -3.11576, 58.9783, -1.91671, -2.66942, 58.6774, -2.32954, 0.678397, 133549, 0.00862244, 0, 0, 
457, 456, pr: 458 , -2.66942, 58.6774, -2.32954, -2.18298, 58.386, -2.41928, 0.574098, 114295, 0.00299404, 0, 0, 
458, 457, NO CHILDREN, -2.18298, 58.386, -2.41928, -1.73277, 58.0299, -2.42823, 0.574099, 114295, 0.00299404, 0, 0, 
459, 456, NO CHILDREN, -2.66942, 58.6774, -2.32954, -2.39186, 58.6368, -2.92486, 0.658097, 65809.8, 0.00434917, 0, 0, 
460, 433, pr: 461 , -3.65176, 62.5762, -0.15188, -4.09816, 61.9449, -0.132869, 0.773492, 298579, 0.0326349, 0, 0, 
461, 460, pr: 462 , -4.09816, 61.9449, -0.132869, -4.59923, 61.3556, -0.134214, 0.773491, 298579, 0.0326349, 0, 0, 
462, 461, pr: 463 , -4.59923, 61.3556, -0.134214, -4.88698, 60.6332, -0.270725, 0.78946, 298579, 0.0326349, 0, 0, 
463, 462, pr: 464 pr: 482 , -4.88698, 60.6332, -0.270725, -4.85552, 59.8553, -0.40116, 0.789463, 298579, 0.0326349, 0, 0, 
464, 463, pr: 465 , -4.85552, 59.8553, -0.40116, -4.68771, 59.3919, -0.544239, 0.51319, 196646, 0.0178589, 0, 0, 
465, 464, pr: 466 , -4.68771, 59.3919, -0.544239, -4.65537, 58.9738, -0.840059, 0.513187, 196646, 0.0178589, 0, 0, 
466, 465, pr: 467 , -4.65537, 58.9738, -0.840059, -4.66071, 58.4739, -0.890471, 0.502423, 196646, 0.0178589, 0, 0, 
467, 466, pr: 468 pr: 475 , -4.66071, 58.4739, -0.890471, -4.66749, 57.9743, -0.942959, 0.502425, 196646, 0.0178589, 0, 0, 
468, 467, pr: 469 , -4.66749, 57.9743, -0.942959, -4.62371, 57.4215, -0.760497, 0.583749, 230499, 0.0074814, 0, 0, 
469, 468, pr: 470 , -4.62371, 57.4215, -0.760497, -4.41447, 56.9117, -0.567862, 0.583747, 230499, 0.0074814, 0, 0, 
470, 469, pr: 471 , -4.41447, 56.9117, -0.567862, -4.39511, 56.3718, -0.324547, 0.592543, 230499, 0.0074814, 0, 0, 
471, 470, pr: 472 pr: 474 , -4.39511, 56.3718, -0.324547, -4.24049, 55.8, -0.307945, 0.592548, 230499, 0.0074814, 0, 0, 
472, 471, pr: 473 , -4.24049, 55.8, -0.307945, -3.99587, 55.3457, -0.350715, 0.517724, 101876, 0.004342, 0, 0, 
473, 472, NO CHILDREN, -3.99587, 55.3457, -0.350715, -3.60715, 55.0075, -0.401034, 0.517723, 101876, 0.004342, 0, 0, 
474, 471, NO CHILDREN, -4.24049, 55.8, -0.307945, -3.60029, 55.2789, 0.248084, 0.995296, 99529.5, 0.00488022, 0, 0, 
475, 467, pr: 476 , -4.66749, 57.9743, -0.942959, -4.62452, 57.4166, -0.804021, 0.576362, 222376, 0.00827612, 0, 0, 
476, 475, pr: 477 , -4.62452, 57.4166, -0.804021, -4.69543, 56.845, -0.826738, 0.576355, 222376, 0.00827612, 0, 0, 
477, 476, pr: 478 , -4.69543, 56.845, -0.826738, -4.94179, 56.3412, -0.707938, 0.573332, 222376, 0.00827612, 0, 0, 
478, 477, pr: 479 pr: 481 , -4.94179, 56.3412, -0.707938, -5.09089, 55.8446, -0.46325, 0.573332, 222376, 0.00827612, 0, 0, 
479, 478, pr: 480 , -5.09089, 55.8446, -0.46325, -4.84962, 55.3911, -0.631386, 0.540441, 107342, 0.00381166, 0, 0, 
480, 479, NO CHILDREN, -4.84962, 55.3911, -0.631386, -4.71662, 54.8837, -0.761467, 0.540446, 107342, 0.00381166, 0, 0, 
481, 478, NO CHILDREN, -5.09089, 55.8446, -0.46325, -5.21761, 55.4042, -0.0927778, 0.589254, 58925.6, 0.00372223, 0, 0, 
482, 463, pr: 483 , -4.85552, 59.8553, -0.40116, -4.80598, 59.232, -0.345307, 0.627667, 245489, 0.0181095, 0, 0, 
483, 482, pr: 484 , -4.80598, 59.232, -0.345307, -4.88146, 58.6207, -0.224689, 0.627668, 245489, 0.0181095, 0, 0, 
484, 483, pr: 485 , -4.88146, 58.6207, -0.224689, -4.83534, 58.0196, -0.0308592, 0.633268, 245489, 0.0181095, 0, 0, 
485, 484, pr: 486 pr: 490 , -4.83534, 58.0196, -0.0308592, -4.78626, 57.5214, 0.356923, 0.633264, 245489, 0.0181095, 0, 0, 
486, 485, pr: 487 pr: 489 , -4.78626, 57.5214, 0.356923, -4.62822, 57.2705, 0.676911, 0.436224, 43622.4, 0.00659257, 0, 0, 
487, 486, pr: 488 , -4.62822, 57.2705, 0.676911, -4.62055, 57.2174, 1.33994, 0.665207, 132859, 0.00371958, 0, 0, 
488, 487, NO CHILDREN, -4.62055, 57.2174, 1.33994, -4.68241, 57.1646, 2.00016, 0.665207, 132859, 0.00371958, 0, 0, 
489, 486, NO CHILDREN, -4.62822, 57.2705, 0.676911, -4.2781, 56.8903, 0.863275, 0.549436, 54943.6, 0.00315847, 0, 0, 
490, 485, pr: 491 , -4.78626, 57.5214, 0.356923, -4.3687, 57.0508, 0.689833, 0.711776, 139184, 0.00764032, 0, 0, 
491, 490, pr: 492 pr: 494 , -4.3687, 57.0508, 0.689833, -4.21514, 56.5343, 1.15486, 0.711776, 139184, 0.00764032, 0, 0, 
492, 491, pr: 493 , -4.21514, 56.5343, 1.15486, -4.35703, 56.2053, 1.6307, 0.595644, 118802, 0.003947, 0, 0, 
493, 492, NO CHILDREN, -4.35703, 56.2053, 1.6307, -4.43863, 55.8192, 2.07683, 0.595641, 118802, 0.003947, 0, 0, 
494, 491, NO CHILDREN, -4.21514, 56.5343, 1.15486, -3.49954, 56.065, 1.39927, 0.889971, 88997.1, 0.00291129, 0, 0, 
495, 429, pr: 496 , -3.62131, 64.5985, -0.78775, -3.45709, 64.0678, -1.10826, 0.64137, 246071, 0.0619014, 0, 0, 
496, 495, pr: 497 , -3.45709, 64.0678, -1.10826, -3.39849, 63.5639, -1.50061, 0.641364, 246071, 0.0619014, 0, 0, 
497, 496, pr: 498 , -3.39849, 63.5639, -1.50061, -3.64344, 63.0813, -1.88945, 0.666337, 246071, 0.0619014, 0, 0, 
498, 497, pr: 499 pr: 525 , -3.64344, 63.0813, -1.88945, -3.69907, 62.8413, -2.50854, 0.666336, 246071, 0.0619014, 0, 0, 
499, 498, pr: 500 , -3.69907, 62.8413, -2.50854, -3.96176, 62.4729, -3.03101, 0.691151, 137939, 0.0234235, 0, 0, 
500, 499, pr: 501 pr: 515 , -3.96176, 62.4729, -3.03101, -4.30273, 62.1439, -3.53419, 0.691151, 137939, 0.0234235, 0, 0, 
501, 500, pr: 502 , -4.30273, 62.1439, -3.53419, -4.48816, 62.1182, -4.03415, 0.533865, 201869, 0.0115641, 0, 0, 
502, 501, pr: 503 , -4.48816, 62.1182, -4.03415, -4.37855, 62.151, -4.55561, 0.533865, 201869, 0.0115641, 0, 0, 
503, 502, pr: 504 , -4.37855, 62.151, -4.55561, -4.4433, 61.9544, -5.02566, 0.513604, 201869, 0.0115641, 0, 0, 
504, 503, pr: 505 pr: 510 , -4.4433, 61.9544, -5.02566, -4.46055, 61.8145, -5.51956, 0.513603, 201869, 0.0115641, 0, 0, 
505, 504, pr: 506 , -4.46055, 61.8145, -5.51956, -5.11819, 61.3756, -6.08675, 0.973052, 184478, 0.00764175, 0, 0, 
506, 505, pr: 507 pr: 508 , -5.11819, 61.3756, -6.08675, -5.21842, 60.6935, -6.77343, 0.973048, 184478, 0.00764175, 0, 0, 
507, 506, NO CHILDREN, -5.21842, 60.6935, -6.77343, -5.62098, 60.1711, -6.90711, 0.672909, 67290.9, 0.00301651, 0, 0, 
508, 506, pr: 509 , -5.21842, 60.6935, -6.77343, -5.62729, 60.6267, -7.10522, 0.530772, 102106, 0.0042705, 0, 0, 
509, 508, NO CHILDREN, -5.62729, 60.6267, -7.10522, -5.82822, 60.69, -7.59239, 0.530772, 102106, 0.0042705, 0, 0, 
510, 504, pr: 511 , -4.46055, 61.8145, -5.51956, -3.86706, 61.9653, -6.22628, 0.935119, 184303, 0.00955735, 0, 0, 
511, 510, pr: 512 pr: 514 , -3.86706, 61.9653, -6.22628, -3.54752, 62.1057, -7.09384, 0.935119, 184303, 0.00955735, 0, 0, 
512, 511, pr: 513 , -3.54752, 62.1057, -7.09384, -3.66153, 61.967, -7.72269, 0.653972, 126879, 0.00309657, 0, 0, 
513, 512, NO CHILDREN, -3.66153, 61.967, -7.72269, -3.51223, 62.0058, -8.35821, 0.653971, 126879, 0.00309657, 0, 0, 
514, 511, NO CHILDREN, -3.54752, 62.1057, -7.09384, -3.58846, 62.417, -7.93603, 0.898834, 89883.5, 0.00276193, 0, 0, 
515, 500, pr: 516 pr: 520 , -4.30273, 62.1439, -3.53419, -4.25992, 61.9567, -4.18982, 0.683188, 68318.8, 0.0158871, 0, 0, 
516, 515, pr: 517 , -4.25992, 61.9567, -4.18982, -4.39741, 62.0285, -4.67265, 0.507134, 100907, 0.00941222, 0, 0, 
517, 516, pr: 518 pr: 519 , -4.39741, 62.0285, -4.67265, -4.57504, 62.1879, -5.12012, 0.507135, 100907, 0.00941222, 0, 0, 
518, 517, NO CHILDREN, -4.57504, 62.1879, -5.12012, -4.52105, 62.1399, -5.4474, 0.335169, 33516.9, 0.00267369, 0, 0, 
519, 517, NO CHILDREN, -4.57504, 62.1879, -5.12012, -4.526, 62.1434, -5.83656, 0.719498, 71949.8, 0.00433528, 0, 0, 
520, 515, pr: 521 , -4.25992, 61.9567, -4.18982, -4.21556, 61.3272, -4.57876, 0.741255, 147666, 0.00535556, 0, 0, 
521, 520, pr: 522 pr: 524 , -4.21556, 61.3272, -4.57876, -4.26907, 60.7488, -5.03925, 0.741256, 147666, 0.00535556, 0, 0, 
522, 521, pr: 523 , -4.26907, 60.7488, -5.03925, -4.43932, 60.3117, -5.57108, 0.709131, 136205, 0.00517789, 0, 0, 
523, 522, NO CHILDREN, -4.43932, 60.3117, -5.57108, -4.31729, 60.104, -6.23804, 0.709129, 136205, 0.00517789, 0, 0, 
524, 521, NO CHILDREN, -4.26907, 60.7488, -5.03925, -4.08685, 60.4915, -5.62516, 0.66536, 66536.1, 0.00410086, 0, 0, 
525, 498, pr: 526 , -3.69907, 62.8413, -2.50854, -4.0868, 62.5914, -2.83135, 0.563019, 413694, 0.0375338, 0, 0, 
526, 525, pr: 527 , -4.0868, 62.5914, -2.83135, -4.31796, 62.0948, -2.9617, 0.563021, 413694, 0.0375338, 0, 0, 
527, 526, pr: 528 , -4.31796, 62.0948, -2.9617, -4.6626, 61.9327, -3.3438, 0.539492, 413694, 0.0375338, 0, 0, 
528, 527, pr: 529 , -4.6626, 61.9327, -3.3438, -4.89437, 61.7164, -3.78029, 0.539493, 413694, 0.0375338, 0, 0, 
529, 528, pr: 530 , -4.89437, 61.7164, -3.78029, -5.29931, 61.6764, -4.18792, 0.575958, 413694, 0.0375338, 0, 0, 
530, 529, pr: 531 , -5.29931, 61.6764, -4.18792, -5.56408, 61.6943, -4.6991, 0.575958, 413694, 0.0375338, 0, 0, 
531, 530, pr: 532 , -5.56408, 61.6943, -4.6991, -5.7016, 61.3415, -5.16717, 0.602056, 413694, 0.0375338, 0, 0, 
532, 531, pr: 533 pr: 545 , -5.7016, 61.3415, -5.16717, -5.99203, 60.8325, -5.30524, 0.602055, 413694, 0.0375338, 0, 0, 
533, 532, pr: 534 , -5.99203, 60.8325, -5.30524, -6.25897, 60.1076, -5.4614, 0.788192, 156758, 0.00890178, 0, 0, 
534, 533, pr: 535 pr: 540 , -6.25897, 60.1076, -5.4614, -6.37728, 59.3624, -5.68941, 0.788186, 156758, 0.00890178, 0, 0, 
535, 534, pr: 536 , -6.37728, 59.3624, -5.68941, -6.26563, 58.8501, -6.27682, 0.78735, 156883, 0.00698576, 0, 0, 
536, 535, pr: 537 pr: 539 , -6.26563, 58.8501, -6.27682, -6.23175, 58.2544, -6.79046, 0.787349, 156883, 0.00698576, 0, 0, 
537, 536, pr: 538 , -6.23175, 58.2544, -6.79046, -5.70077, 57.9524, -7.10631, 0.687673, 128716, 0.00325543, 0, 0, 
538, 537, NO CHILDREN, -5.70077, 57.9524, -7.10631, -5.53466, 57.7225, -7.73277, 0.687672, 128716, 0.00325543, 0, 0, 
539, 536, NO CHILDREN, -6.23175, 58.2544, -6.79046, -6.34999, 57.8528, -6.93679, 0.443483, 44348.7, 0.00336677, 0, 0, 
540, 534, pr: 541 , -6.37728, 59.3624, -5.68941, -6.09135, 58.4668, -5.72818, 0.940902, 187606, 0.01026, 0, 0, 
541, 540, pr: 542 pr: 543 , -6.09135, 58.4668, -5.72818, -5.94105, 57.5421, -5.81524, 0.940903, 187606, 0.01026, 0, 0, 
542, 541, NO CHILDREN, -5.94105, 57.5421, -5.81524, -5.83509, 56.9766, -5.40645, 0.705791, 70578.9, 0.00302889, 0, 0, 
543, 541, pr: 544 , -5.94105, 57.5421, -5.81524, -6.17902, 56.9125, -6.33031, 0.847561, 167032, 0.00397749, 0, 0, 
544, 543, NO CHILDREN, -6.17902, 56.9125, -6.33031, -6.14744, 56.3251, -6.94051, 0.847563, 167032, 0.00397749, 0, 0, 
545, 532, pr: 546 pr: 551 , -5.99203, 60.8325, -5.30524, -5.98642, 60.4782, -6.01639, 0.794549, 79455.1, 0.0157867, 0, 0, 
546, 545, pr: 547 pr: 549 , -5.98642, 60.4782, -6.01639, -6.14086, 59.9815, -6.41772, 0.656987, 65698.6, 0.00792941, 0, 0, 
547, 546, pr: 548 , -6.14086, 59.9815, -6.41772, -6.21288, 59.483, -6.53773, 0.51775, 102794, 0.00430411, 0, 0, 
548, 547, NO CHILDREN, -6.21288, 59.483, -6.53773, -6.17477, 58.9705, -6.60045, 0.517751, 102794, 0.00430411, 0, 0, 
549, 546, pr: 550 , -6.14086, 59.9815, -6.41772, -6.53122, 59.6706, -6.58598, 0.526634, 104332, 0.00332564, 0, 0, 
550, 549, NO CHILDREN, -6.53122, 59.6706, -6.58598, -6.89031, 59.4224, -6.88054, 0.526632, 104332, 0.00332564, 0, 0, 
551, 545, pr: 552 , -5.98642, 60.4782, -6.01639, -5.90943, 60.4962, -6.7213, 0.709331, 141017, 0.00755593, 0, 0, 
552, 551, pr: 553 pr: 555 , -5.90943, 60.4962, -6.7213, -5.89074, 60.6571, -7.41189, 0.709331, 141017, 0.00755593, 0, 0, 
553, 552, pr: 554 , -5.89074, 60.6571, -7.41189, -6.02755, 61.124, -7.81339, 0.630787, 125197, 0.0038013, 0, 0, 
554, 553, NO CHILDREN, -6.02755, 61.124, -7.81339, -6.2774, 61.4939, -8.25904, 0.630785, 125197, 0.0038013, 0, 0, 
555, 552, pr: 556 , -5.89074, 60.6571, -7.41189, -5.71548, 60.5867, -7.97434, 0.593312, 112454, 0.00249202, 0, 0, 
556, 555, NO CHILDREN, -5.71548, 60.5867, -7.97434, -5.60421, 60.1746, -8.38642, 0.59331, 112454, 0.00249202, 0, 0, 
557, 15, pr: 558 , -5.11107, 80.5481, -0.909127, -4.76142, 78.8598, -0.685877, 1.73854, 1.19274e+06, 0.415604, 0, 0, 
558, 557, pr: 559 , -4.76142, 78.8598, -0.685877, -4.85855, 77.5558, 0.459832, 1.73855, 1.19274e+06, 0.415604, 0, 0, 
559, 558, pr: 560 , -4.85855, 77.5558, 0.459832, -5.27679, 76.0005, 0.0969077, 1.65086, 1.19274e+06, 0.415604, 0, 0, 
560, 559, pr: 561 , -5.27679, 76.0005, 0.0969077, -5.64061, 74.4526, -0.346704, 1.65087, 1.19274e+06, 0.415604, 0, 0, 
561, 560, pr: 562 , -5.64061, 74.4526, -0.346704, -5.52291, 72.8694, -0.0969141, 1.60707, 1.19274e+06, 0.415604, 0, 0, 
562, 561, pr: 563 , -5.52291, 72.8694, -0.0969141, -5.22196, 71.3227, 0.218786, 1.60707, 1.19274e+06, 0.415604, 0, 0, 
563, 562, pr: 564 , -5.22196, 71.3227, 0.218786, -4.31367, 70.0063, 0.0600384, 1.60716, 1.19274e+06, 0.415604, 0, 0, 
564, 563, pr: 565 pr: 822 , -4.31367, 70.0063, 0.0600384, -3.25545, 68.7995, -0.0215818, 1.60716, 1.19274e+06, 0.415604, 0, 0, 
565, 564, pr: 566 , -3.25545, 68.7995, -0.0215818, -2.864, 68.3065, 0.245784, 0.683891, 508404, 0.183498, 0, 0, 
566, 565, pr: 567 , -2.864, 68.3065, 0.245784, -2.68504, 67.7043, 0.516079, 0.683899, 508404, 0.183498, 0, 0, 
567, 566, pr: 568 , -2.68504, 67.7043, 0.516079, -2.17917, 67.3571, 0.856061, 0.701482, 508404, 0.183498, 0, 0, 
568, 567, pr: 569 , -2.17917, 67.3571, 0.856061, -1.89816, 66.7368, 1.02446, 0.70148, 508404, 0.183498, 0, 0, 
569, 568, pr: 570 , -1.89816, 66.7368, 1.02446, -1.27028, 66.5419, 1.33064, 0.725243, 508404, 0.183498, 0, 0, 
570, 569, pr: 571 , -1.27028, 66.5419, 1.33064, -0.979693, 66.1538, 1.87, 0.725244, 508404, 0.183498, 0, 0, 
571, 570, pr: 572 , -0.979693, 66.1538, 1.87, -0.69267, 66.2298, 2.5089, 0.704519, 508404, 0.183498, 0, 0, 
572, 571, pr: 573 pr: 707 , -0.69267, 66.2298, 2.5089, -0.303263, 66.0419, 3.06515, 0.704519, 508404, 0.183498, 0, 0, 
573, 572, pr: 574 , -0.303263, 66.0419, 3.06515, 0.273956, 66.007, 3.20469, 0.594869, 466138, 0.0710145, 0, 0, 
574, 573, pr: 575 , 0.273956, 66.007, 3.20469, 0.824419, 65.9902, 3.42958, 0.594869, 466138, 0.0710145, 0, 0, 
575, 574, pr: 576 , 0.824419, 65.9902, 3.42958, 1.22743, 65.9956, 3.89287, 0.614072, 466138, 0.0710145, 0, 0, 
576, 575, pr: 577 , 1.22743, 65.9956, 3.89287, 1.79785, 66.0888, 4.1003, 0.614071, 466138, 0.0710145, 0, 0, 
577, 576, pr: 578 , 1.79785, 66.0888, 4.1003, 2.35603, 65.9599, 4.30763, 0.60923, 466138, 0.0710145, 0, 0, 
578, 577, pr: 579 , 2.35603, 65.9599, 4.30763, 2.91412, 65.8256, 4.51172, 0.609228, 466138, 0.0710145, 0, 0, 
579, 578, pr: 580 , 2.91412, 65.8256, 4.51172, 3.47292, 66.0778, 4.55872, 0.614875, 466138, 0.0710145, 0, 0, 
580, 579, pr: 581 pr: 646 , 3.47292, 66.0778, 4.55872, 4.06197, 66.1918, 4.69325, 0.614873, 466138, 0.0710145, 0, 0, 
581, 580, pr: 582 , 4.06197, 66.1918, 4.69325, 4.50144, 66.3919, 4.92823, 0.537029, 391346, 0.0609083, 0, 0, 
582, 581, pr: 583 , 4.50144, 66.3919, 4.92823, 4.67599, 66.7702, 5.26704, 0.537032, 391346, 0.0609083, 0, 0, 
583, 582, pr: 584 , 4.67599, 66.7702, 5.26704, 4.94036, 66.936, 5.67106, 0.510481, 391346, 0.0609083, 0, 0, 
584, 583, pr: 585 , 4.94036, 66.936, 5.67106, 5.18538, 67.076, 6.09642, 0.510482, 391346, 0.0609083, 0, 0, 
585, 584, pr: 586 , 5.18538, 67.076, 6.09642, 5.56801, 67.4368, 6.0591, 0.527208, 391346, 0.0609083, 0, 0, 
586, 585, pr: 587 , 5.56801, 67.4368, 6.0591, 5.94161, 67.7699, 6.22462, 0.527198, 391346, 0.0609083, 0, 0, 
587, 586, pr: 588 , 5.94161, 67.7699, 6.22462, 6.32482, 68.0845, 6.42567, 0.534996, 391346, 0.0609083, 0, 0, 
588, 587, pr: 589 pr: 618 , 6.32482, 68.0845, 6.42567, 6.72002, 68.1696, 6.77609, 0.534991, 391346, 0.0609083, 0, 0, 
589, 588, pr: 590 , 6.72002, 68.1696, 6.77609, 7.00222, 68.9766, 7.2153, 0.961209, 191804, 0.0215905, 0, 0, 
590, 589, pr: 591 pr: 606 , 7.00222, 68.9766, 7.2153, 7.2282, 69.8466, 7.55601, 0.961213, 191804, 0.0215905, 0, 0, 
591, 590, pr: 592 , 7.2282, 69.8466, 7.55601, 7.16548, 70.6859, 7.53353, 0.841958, 326948, 0.0117793, 0, 0, 
592, 591, pr: 593 , 7.16548, 70.6859, 7.53353, 6.89352, 71.4637, 7.3607, 0.841949, 326948, 0.0117793, 0, 0, 
593, 592, pr: 594 , 6.89352, 71.4637, 7.3607, 7.20822, 72.2867, 7.47127, 0.888018, 326948, 0.0117793, 0, 0, 
594, 593, pr: 595 pr: 599 , 7.20822, 72.2867, 7.47127, 6.90521, 73.0982, 7.66705, 0.888019, 326948, 0.0117793, 0, 0, 
595, 594, pr: 596 , 6.90521, 73.0982, 7.66705, 7.07061, 73.6961, 7.61847, 0.62227, 121045, 0.00624029, 0, 0, 
596, 595, pr: 597 pr: 598 , 7.07061, 73.6961, 7.61847, 7.48655, 74.1523, 7.54067, 0.622274, 121045, 0.00624029, 0, 0, 
597, 596, NO CHILDREN, 7.48655, 74.1523, 7.54067, 7.8149, 74.3654, 7.33741, 0.441028, 44102.8, 0.00256021, 0, 0, 
598, 596, NO CHILDREN, 7.48655, 74.1523, 7.54067, 7.74357, 74.5955, 7.15645, 0.640355, 64036, 0.00263059, 0, 0, 
599, 594, pr: 600 , 6.90521, 73.0982, 7.66705, 7.25782, 73.5157, 7.90409, 0.595695, 233277, 0.00765277, 0, 0, 
600, 599, pr: 601 , 7.25782, 73.5157, 7.90409, 7.64135, 73.9025, 8.14529, 0.595699, 233277, 0.00765277, 0, 0, 
601, 600, pr: 602 , 7.64135, 73.9025, 8.14529, 7.85853, 74.3915, 8.4271, 0.604753, 233277, 0.00765277, 0, 0, 
602, 601, pr: 603 pr: 604 , 7.85853, 74.3915, 8.4271, 7.98955, 74.9716, 8.53665, 0.604756, 233277, 0.00765277, 0, 0, 
603, 602, NO CHILDREN, 7.98955, 74.9716, 8.53665, 8.06442, 75.5013, 9.12047, 0.791852, 79185.4, 0.00376459, 0, 0, 
604, 602, pr: 605 , 7.98955, 74.9716, 8.53665, 7.94374, 75.5299, 8.97674, 0.712366, 141280, 0.00295884, 0, 0, 
605, 604, NO CHILDREN, 7.94374, 75.5299, 8.97674, 7.76793, 76.1411, 9.29778, 0.71237, 141280, 0.00295884, 0, 0, 
606, 590, pr: 607 , 7.2282, 69.8466, 7.55601, 7.45009, 70.4316, 7.9546, 0.74186, 277006, 0.0202025, 0, 0, 
607, 606, pr: